date,cust_email,cust_location,product_id,product_quantity
2020-01-01,bin@msn.com,98802,X4TBTVB2C4CT,1
2020-01-01,bin@msn.com,98802,QF4X9RRXXHJC,3
2020-01-01,paomp@live.com,41400,EMJ2K2GWAFT9,2
2020-01-01,cryss@aol.com,33041,XUIMUB32ZK7A,1
2020-01-01,cryss@aol.com,33041,8PQ5T5D64SRZ,1
2020-01-01,stroipt@yahoo.com,33041,9PRFQ24Z1ZPT,1
2020-01-01,swod@msn.com,43541,5ITPZLS6EMN6,1
2020-01-02,jiob@aol.com,24395,Y5NYXOZRF1BJ,1
2020-01-02,gra@outlook.com,18933,P768IEEII2NF,1
2020-01-02,gra@outlook.com,18933,IYZM447HX4PU,1
2020-01-02,snemp@gmail.com,32294,45UIP23SJ9UF,1
2020-01-02,proov@icloud.com,48893,7EH3QELUEVIM,4
2020-01-02,ve@mail.com,94588,HV8YOHI3C0JL,2
2020-01-03,slie@hotmail.com,21901,AJB6NBSXLJQJ,1
2020-01-03,swoipt@yahoo.com,82075,A6927HBTTW9P,1
2020-01-03,fruem@gmail.com,11976,I6NE4436JIZM,1
2020-01-04,shan@outlook.com,32642,S1SV2UPATF9X,2
2020-01-04,rau@live.com,35391,M8UYM4LK8E7F,4
2020-01-04,yyy@hotmail.com,62294,1DBOF66N0TC0,1
2020-01-04,fyw@aol.com,70590,9A0QSUVN3TO6,3
2020-01-04,fyw@aol.com,70590,5ELHFGF9EYWP,1
2020-01-04,nok@yahoo.com,67094,5YJB3CU4QJ5D,2
2020-01-04,daesh@icloud.com,01597,DNZCAVE5T2QR,1
2020-01-04,daesh@icloud.com,01597,XOTU9N4E72VO,3
2020-01-04,fea@yahoo.com,94929,2HI6V4WE8ETZ,1
2020-01-04,fea@yahoo.com,94929,2189DHEX1OBK,3
2020-01-04,vopt@gmail.com,82701,C5FX6CNLHO0W,1
2020-01-04,vopt@gmail.com,82701,19QIEZD85D1M,1
2020-01-05,pe@outlook.com,19068,5M76PQE6E4J1,1
2020-01-05,pe@outlook.com,19068,T6S6T0A30GTK,1
2020-01-05,pe@outlook.com,19068,T24BDLGP1OQI,1
2020-01-05,spaap@yahoo.com,23694,X6YPZCUHZ3FC,1
2020-01-05,spaap@yahoo.com,23694,R285X9QN5DT5,2
2020-01-05,soi@icloud.com,95845,Y247H7SR1FAN,1
2020-01-05,zaif@icloud.com,13697,H2QBIB100WYJ,3
2020-01-05,zaif@icloud.com,13697,Y5LYRPTQVAL3,1
2020-01-05,zaif@icloud.com,13697,22988V9P99IL,1
2020-01-05,yaa@yahoo.com,13595,GCPQ7C982E7U,2
2020-01-05,yaa@yahoo.com,13595,T7Q3EISHSVZL,1
2020-01-05,yaa@yahoo.com,13595,JMIDV4RCUOK5,4
2020-01-05,yaa@yahoo.com,13595,08SXGPTG830J,2
2020-01-05,cruimp@icloud.com,27426,CD8VQ8LYQLME,1
2020-01-05,fru@hotmail.com,05408,I3EOQ5BMPU8Z,1
2020-01-05,fru@hotmail.com,05408,ILQMJ2D8YUY0,1
2020-01-05,ju@icloud.com,44771,VW6D9P0BX6T3,1
2020-01-05,ju@icloud.com,44771,P2VI5G7OZGPZ,1
2020-01-05,smuem@yahoo.com,40489,Z6TDJXLKHZPX,3
2020-01-05,smuem@yahoo.com,40489,O0W5GT91RJOS,1
2020-01-06,bro@outlook.com,12997,1X7NMURD7OUP,1
2020-01-06,bro@outlook.com,12997,NVPQ0Y94OK2W,1
2020-01-06,sau@outlook.com,24538,MEJDX920LS45,2
2020-01-06,gig@gmail.com,71886,7K1SVF2UNNKA,1
2020-01-06,gig@gmail.com,71886,42NRL0Q91AD6,2
2020-01-06,clioch@outlook.com,45160,3KOHUY17W2BF,3
2020-01-06,clioch@outlook.com,45160,VTSEP1EGJQV7,2
2020-01-06,clioch@outlook.com,45160,C6994ZM22FID,1
2020-01-06,frooss@gmail.com,56865,ZAKX2L20VP3B,1
2020-01-06,frooss@gmail.com,56865,LS7413MCDBQB,2
2020-01-07,chop@aol.com,88869,MDJTBGG3A8F1,2
2020-01-07,chop@aol.com,88869,30UMES6GBYWJ,1
2020-01-07,gru@live.com,72293,CZFFK17WIT6E,5
2020-01-07,gru@live.com,72293,LPWNNSWEL3UA,2
2020-01-07,fee@live.com,85077,VEF23ZB8U49F,1
2020-01-07,fee@live.com,85077,42P3R64BVCD6,1
2020-01-07,fee@live.com,85077,L2VT1GLKTTSB,2
2020-01-07,fee@live.com,85077,NUQMVCZY7JXZ,2
2020-01-07,fee@live.com,85077,CILBIUW9JJLJ,3
2020-01-07,dresp@inbox.com,83145,283HIYIPU0QJ,1
2020-01-08,koih@msn.com,23440,JL16CA373VMP,3
2020-01-08,fleenk@msn.com,08855,MOFQV8RQNXJ7,1
2020-01-08,weont@gmail.com,86536,VHOA05HI66LX,2
2020-01-08,weont@gmail.com,86536,1K6YH2BNNFVU,2
2020-01-08,weont@gmail.com,86536,Y6EW3LW81ZM3,1
2020-01-08,stryct@icloud.com,84729,5FAYS27XW8WS,1
2020-01-08,troiss@yahoo.com,89261,51XPQW6RPMRL,1
2020-01-08,troiss@yahoo.com,89261,LST763T4CIOI,1
2020-01-08,troiss@yahoo.com,89261,AQP15Q6HLI6R,1
2020-01-08,troiss@yahoo.com,89261,CL1ITJ0AXU57,1
2020-01-08,troiss@yahoo.com,89261,59D2CNVQOITR,3
2020-01-08,plynk@live.com,46927,TJ6JM1QBXPJV,3
2020-01-09,fla@yahoo.com,74837,NITEV1GJXY4Q,1
2020-01-09,fla@yahoo.com,74837,STW62RSK7ZRI,1
2020-01-09,fla@yahoo.com,74837,WGJO6KHJQF9D,2
2020-01-09,skast@icloud.com,14684,SOAD22NKFKVE,2
2020-01-09,plink@aol.com,92581,QZCR9R73NV1C,1
2020-01-09,plink@aol.com,92581,WPDTYXV1MOLZ,1
2020-01-09,plink@aol.com,92581,8WKVQ105XKUX,1
2020-01-09,drosh@yahoo.com,94017,FB5CLODYRNDD,2
2020-01-09,blish@hotmail.com,70657,47J7TLBL6MSB,1
2020-01-09,blish@hotmail.com,70657,IDJS3LX20DP9,1
2020-01-09,fym@live.com,78186,2Z6FSCR4WH6J,1
2020-01-10,trauv@gmail.com,89967,QXJPF2JLZOS7,2
2020-01-10,spo@gmail.com,75380,3SDHNPNPCEGN,3
2020-01-10,piaz@gmail.com,29336,M2OWJLX9JJ2L,4
2020-01-10,drui@outlook.com,67094,QTPNTL8LX4CD,1
2020-01-11,smot@hotmail.com,50871,5E96XP1YKWW9,1
2020-01-11,smot@hotmail.com,50871,2K0PVN9HOTJG,1
2020-01-11,smot@hotmail.com,50871,SV045C82GD7R,1
2020-01-11,gro@gmail.com,85606,CGJZF6AGV5NM,2
2020-01-11,bleil@hotmail.com,77820,LDIGP0KF3O10,2
2020-01-11,vou@live.com,65248,JVPICVG88856,1
2020-01-11,fluosp@yahoo.com,81037,DWSKLZN425CS,1
2020-01-11,fluosp@yahoo.com,81037,0KD3F9A044IP,1
2020-01-11,frau@gmail.com,94171,H9PF2XDRP0GF,2
2020-01-11,frau@gmail.com,94171,QUCGM3H31CEA,1
2020-01-11,frau@gmail.com,94171,5X15FBUEMR6J,1
2020-01-11,lyss@gmail.com,35685,WLH3PKBVARY1,4
2020-01-11,lyss@gmail.com,35685,DDF9CRT2TNDL,6
2020-01-12,grouk@aol.com,13018,3EGKA08YVCKW,1
2020-01-13,fla@yahoo.com,74837,N4GP1G0PSESO,2
2020-01-13,fla@yahoo.com,74837,TVY7T30RV0WC,1
2020-01-13,sland@msn.com,78471,ROYGQS6CMZ59,4
2020-01-13,ja@aol.com,18926,SKJ6PZQWJ4XJ,2
2020-01-13,haan@aol.com,22708,9LTKZQ9R4W4M,2
2020-01-13,fo@aol.com,49193,IIHYY1K2AQPB,5
2020-01-13,fo@aol.com,49193,9K9GDE2SSTH2,2
2020-01-13,bly@aol.com,24337,ADHVABT77PCN,4
2020-01-13,bly@aol.com,24337,C56K0UW2LW8C,2
2020-01-13,bly@aol.com,24337,FTNSYSDXXA8Y,3
2020-01-13,bly@aol.com,24337,92GH6NADXS9I,1
2020-01-13,bly@aol.com,24337,WOE51YMP95VI,1
2020-01-13,jou@yahoo.com,09807,SWKTAK20G8IA,1
2020-01-13,bra@outlook.com,28852,H5CTLIA6VF3O,3
2020-01-13,bra@outlook.com,28852,6E3205HMP8HL,4
2020-01-13,bra@outlook.com,28852,SJ90OATQK7KM,4
2020-01-13,bra@outlook.com,28852,PLOZKUFW81A4,1
2020-01-14,flau@outlook.com,59994,ISI8EZ5N9OOJ,1
2020-01-15,snu@gmail.com,72946,RV6UO0P9ES3Y,3
2020-01-15,snu@gmail.com,72946,PB7ENG7I5QQS,1
2020-01-15,snu@gmail.com,72946,MUHKCENLOQ22,2
2020-01-15,snu@gmail.com,72946,2OA6G8XMJ145,1
2020-01-15,snu@gmail.com,72946,6STMPCWFL2GC,4
2020-01-15,paup@gmail.com,85077,NB6PBR2WD13R,2
2020-01-15,paup@gmail.com,85077,LLR9OAGMI9JA,3
2020-01-15,paup@gmail.com,85077,HI9W0JWPN5XW,1
2020-01-15,paup@gmail.com,85077,61ROWY7TITAB,2
2020-01-15,paup@gmail.com,85077,X9BI2H81Z2I0,1
2020-01-15,clion@aol.com,53949,NTRN9ZODA8U7,1
2020-01-15,clion@aol.com,53949,U16MTCWP01XM,4
2020-01-15,bluect@gmail.com,64863,43THXJ3LT0JX,1
2020-01-15,bluect@gmail.com,64863,Z4DNWZD6ZKBM,1
2020-01-15,bluect@gmail.com,64863,XPDRTO8ZRDD2,2
2020-01-15,shim@aol.com,54871,FR9M5YT1BW72,1
2020-01-15,flio@gmail.com,59994,17JYVARRQG0D,1
2020-01-15,fra@outlook.com,54692,TEMDMU6C1Q18,1
2020-01-16,froi@mail.com,11346,KOKU7QGT7JF8,1
2020-01-16,froi@mail.com,11346,JCBUZAVOMUJB,2
2020-01-16,chei@inbox.com,85077,9KCQRBH4EFAS,2
2020-01-16,struk@yahoo.com,29357,Y49VQAXGNDNE,1
2020-01-16,crua@inbox.com,60596,RC43Y4UFAY92,2
2020-01-16,crua@inbox.com,60596,T0HADA42VKU7,2
2020-01-16,crua@inbox.com,60596,AKQETEER8THM,4
2020-01-16,sla@msn.com,35026,S7FV2OREUEDV,3
2020-01-16,sla@msn.com,35026,HLY620W968J7,5
2020-01-16,sla@msn.com,35026,ZJ9WLRHTTWDB,2
2020-01-16,fry@yahoo.com,42140,93NOTBXOUGCF,2
2020-01-16,fasp@aol.com,54276,5SDBKCOEYRHU,5
2020-01-16,sno@mail.com,02920,2DFLL5PJ4TFF,4
2020-01-17,maod@yahoo.com,30569,GQV95XO5TX1C,1
2020-01-17,maod@yahoo.com,30569,PG282OCR9ZYF,2
2020-01-17,swie@yahoo.com,96112,IL8UCTTE6JMF,6
2020-01-17,swie@yahoo.com,96112,GPFAXXQP8T1B,1
2020-01-17,yy@hotmail.com,98802,LBXT5V6VOJ9D,1
2020-01-17,yy@hotmail.com,98802,GFP6DYKPK372,1
2020-01-17,vaa@aol.com,45121,2KG4644FEOH2,2
2020-01-17,trooct@hotmail.com,88831,1AOE26Z4ZQQD,1
2020-01-18,graa@icloud.com,63145,DMX7TS2XDGY5,3
2020-01-18,graa@icloud.com,63145,M9O8FNFP8873,6
2020-01-18,graa@icloud.com,63145,JQFU72B9FBUS,1
2020-01-18,graa@icloud.com,63145,8XM6FTK4DUN6,3
2020-01-18,striusk@msn.com,24052,5LOZA1CBBP30,3
2020-01-18,gimp@aol.com,23195,LKVPZEKLAZQQ,1
2020-01-18,cliuv@msn.com,94760,Q1TWEI8U9QH1,1
2020-01-18,glu@gmail.com,89147,SNXSPOKXE4MY,1
2020-01-18,glu@gmail.com,89147,NZM05U6UETNM,1
2020-01-18,brae@gmail.com,44488,2XSGZVT6O2AJ,2
2020-01-18,brae@gmail.com,44488,6869J34CCDQG,1
2020-01-18,brae@gmail.com,44488,N2RC3V4POTXQ,2
2020-01-18,fuo@aol.com,36320,Y1WGVQI627IS,3
2020-01-18,fuo@aol.com,36320,GWGCEYXESCL8,2
2020-01-18,troud@yahoo.com,58172,2RUG9E2CTXVT,1
2020-01-19,teoz@outlook.com,12997,3NEB5LSCEISA,1
2020-01-19,teoz@outlook.com,12997,LMXSOI4XU6X4,1
2020-01-19,pli@mail.com,53110,XU881J5WXE5D,3
2020-01-19,gresh@inbox.com,88333,VIEYUWWULJ6D,1
2020-01-19,gresh@inbox.com,88333,PC016IXOXJKG,1
2020-01-19,trea@hotmail.com,45842,46KPWB1QZA3N,4
2020-01-19,trea@hotmail.com,45842,UJPMTM81PN8K,1
2020-01-19,trea@hotmail.com,45842,92IJ4QUQ800H,2
2020-01-19,trea@hotmail.com,45842,UUFBH9EHNEQ1,2
2020-01-19,trea@hotmail.com,45842,NYLPME1J8HNV,2
2020-01-19,nea@gmail.com,34894,5Z72VG8NXCXO,3
2020-01-19,gree@yahoo.com,64531,5B5FUFGQAB9E,1
2020-01-19,gree@yahoo.com,64531,RHW1I5QGXP11,2
2020-01-19,spont@yahoo.com,47140,1KAAM6OWX13X,2
2020-01-19,spont@yahoo.com,47140,DOR33ACT0QFI,3
2020-01-19,bren@live.com,12884,KP6DGY18FEZS,1
2020-01-19,foe@icloud.com,89967,IW9J1T8YPRXR,1
2020-01-20,swoipt@yahoo.com,82075,27J0BK5DL4HW,3
2020-01-20,slui@aol.com,65861,0U00ROS8SZT4,1
2020-01-20,ko@hotmail.com,68444,E946RM1FNLER,2
2020-01-21,trei@hotmail.com,49745,WWIJ12FGQNT6,1
2020-01-21,shoft@yahoo.com,78043,32UXR6Z9B4VS,1
2020-01-21,yei@gmail.com,34512,LZPIE7U3OCPB,1
2020-01-22,sio@live.com,37735,VINFQC23PBQH,1
2020-01-22,kynk@msn.com,36532,7QAYSK2TPHOU,1
2020-01-23,slia@yahoo.com,95748,06WVIZ6HSTKC,3
2020-01-23,slia@yahoo.com,95748,IGTX7HNHKAD7,1
2020-01-23,slia@yahoo.com,95748,EQ4C1D4Y6WOV,1
2020-01-23,bleu@yahoo.com,59653,YVQ3SVALZ5IB,3
2020-01-23,freo@msn.com,92718,MFHEORWIAAUI,1
2020-01-23,je@live.com,74438,4YLUQ75VQS7S,5
2020-01-23,graond@yahoo.com,23694,KTXXP24FKK9I,1
2020-01-23,paunk@outlook.com,29336,IVNYO827YOGZ,1
2020-01-24,freub@aol.com,89261,A1X1C7EUDE82,1
2020-01-24,plaor@outlook.com,65188,M1O5UFWDLQUP,2
2020-01-24,nent@hotmail.com,12574,2ORSAYBQH6M0,3
2020-01-24,floi@aol.com,24395,FV2Q1QQHCFSC,1
2020-01-25,spysp@inbox.com,22136,S2R4C7G7FOMB,1
2020-01-25,spysp@inbox.com,22136,8GUA7XBJ0Y0T,1
2020-01-25,cheat@hotmail.com,81625,0420PHNPB0WI,2
2020-01-25,cheat@hotmail.com,81625,J1EX2VEKLQVZ,1
2020-01-25,luiv@live.com,46278,46OM8TUPQ1JO,2
2020-01-25,fruct@live.com,78050,75XPLFTT7VAZ,2
2020-01-25,vio@aol.com,06995,DA5D3P16VA4P,1
2020-01-25,frait@aol.com,80520,7ZLKAAGL45LS,3
2020-01-25,frait@aol.com,80520,LPNNX8E319GR,1
2020-01-25,yey@live.com,12005,3BBQYXF3ML02,1
2020-01-25,stri@mail.com,86536,YDH8ZI5DZTLI,4
2020-01-26,glio@hotmail.com,37505,TBE1JILDR0HQ,1
2020-01-26,glio@hotmail.com,37505,HDAI57VTEO88,2
2020-01-26,frur@gmail.com,14188,T6H5QN1J1BBD,1
2020-01-26,grou@live.com,40744,N20BVJY1F5ET,1
2020-01-26,ziest@hotmail.com,06760,BM31I4H8YNV2,1
2020-01-27,yoa@aol.com,87614,2404Z83VNKUM,3
2020-01-27,yact@icloud.com,64219,9UL4PDCJZS02,2
2020-01-27,yact@icloud.com,64219,SMO8AORDGS9E,1
2020-01-27,yact@icloud.com,64219,6VPKZBYTN7UD,4
2020-01-27,smiat@hotmail.com,70590,MU00D6VQVWIE,2
2020-01-27,smiat@hotmail.com,70590,KQGG7NZSIGUK,3
2020-01-27,smiat@hotmail.com,70590,DHMU8E4QHBAS,1
2020-01-27,spaud@inbox.com,37505,YPAALD2KLBHT,1
2020-01-27,pei@inbox.com,89967,EOIDU42YYX46,2
2020-01-27,pei@inbox.com,89967,4YZ4Q16ZFO41,2
2020-01-28,triept@hotmail.com,14384,X1HNK5CG4FYU,1
2020-01-28,ty@hotmail.com,35589,32MRLA6N7HQ8,1
2020-01-28,beoh@aol.com,86413,319D5I0XQKWU,1
2020-01-28,clu@hotmail.com,68444,8CBUZGDIUCUJ,2
2020-01-29,waig@yahoo.com,92884,TLBW98N0L58J,2
2020-01-29,waig@yahoo.com,92884,O386I2UMI6V7,1
2020-01-29,dyf@aol.com,80431,AAZ83HGOMY14,1
2020-01-29,dyf@aol.com,80431,RCZ3QIBFFDMN,1
2020-01-29,frie@gmail.com,20745,ORYFTBX869DS,2
2020-01-29,gyd@hotmail.com,02920,2XXF1G4NM305,2
2020-01-29,gyd@hotmail.com,02920,O8NN4WIZTQ50,2
2020-01-30,dymp@aol.com,13697,VB8VL7IOFNWP,1
2020-01-30,hup@hotmail.com,37735,65SEHJH4QRTD,1
2020-01-30,dy@inbox.com,81694,AUED3IK95Z9D,3
2020-01-30,pru@icloud.com,72946,T1W4ZCUZIAST,4
2020-01-30,zon@aol.com,76933,R5V9EC4H78LL,2
2020-01-30,zon@aol.com,76933,VSYQHBKZC6DJ,3
2020-01-31,blu@outlook.com,17524,48C4WZKFF931,1
2020-01-31,blu@outlook.com,17524,S1FFM7S8EV4Z,3
2020-01-31,ha@hotmail.com,23195,CBEONND2DREG,1
2020-01-31,ha@hotmail.com,23195,S09YFJLDX9BW,1
2020-01-31,shoe@msn.com,88831,5HV09J81NYMR,6
2020-01-31,shoe@msn.com,88831,1ZVR3WKI5H6F,1
2020-01-31,shoe@msn.com,88831,TP8VZLV47UNO,1
2020-01-31,shoe@msn.com,88831,XRIAOID2OZLB,1
2020-01-31,rict@msn.com,47140,X0ZEP1Z4URCS,1
2020-01-31,mush@aol.com,55819,5E2IXWY3QS5P,1
2020-01-31,mush@aol.com,55819,320OF6O3F4LW,2
2020-01-31,mush@aol.com,55819,F8D5OWDEKHTC,1
2020-01-31,ho@gmail.com,47590,Z7NBJL8YGY2J,1
2020-02-01,star@hotmail.com,71966,XZ80XBTU0YQO,2
2020-02-01,star@hotmail.com,71966,FSPU1ZJ101UR,1
2020-02-01,star@hotmail.com,71966,EZELU6SNJZU1,1
2020-02-01,star@hotmail.com,71966,GOJYCV4HOP2O,1
2020-02-01,drem@aol.com,14054,PCDZ7TGKUKMO,1
2020-02-01,drem@aol.com,14054,25L3Q54P22AI,1
2020-02-01,foit@outlook.com,62294,5Q2B76ECVQYU,1
2020-02-01,drua@gmail.com,85077,APUV164NIF3I,1
2020-02-01,fruct@live.com,78050,VHCU1SA4T3P3,1
2020-02-01,smoem@aol.com,59203,WYY9U25BGYHR,1
2020-02-01,ba@hotmail.com,80520,75P3NF7XD4ZO,2
2020-02-01,druo@hotmail.com,21471,XXJV21872INC,1
2020-02-01,druo@hotmail.com,21471,8WGAFU10WYB8,1
2020-02-02,spu@gmail.com,85314,6RCE9NSZPJ5V,2
2020-02-02,fe@aol.com,66173,56EMZ5VUQ5BA,2
2020-02-02,slui@gmail.com,61504,8J3IK7A81JDT,1
2020-02-02,slui@gmail.com,61504,VLMY6QMG8SW7,1
2020-02-02,lisk@gmail.com,82075,8IXA50Y9B1E7,4
2020-02-02,lisk@gmail.com,82075,BQGM3EED7MOH,1
2020-02-02,lisk@gmail.com,82075,5WH0UGBTRWFC,1
2020-02-02,lisk@gmail.com,82075,2UM4WYM10TMY,2
2020-02-03,goun@gmail.com,57236,VJAA50O65M6F,1
2020-02-03,yaur@inbox.com,92858,Y67JKVAI2UKV,1
2020-02-03,yaur@inbox.com,92858,FXZY3ZUVHGXH,1
2020-02-04,jeond@gmail.com,66305,R4B4WTXV7T0Y,2
2020-02-04,boi@hotmail.com,97846,Z2I6PD4KQDZU,1
2020-02-04,boi@hotmail.com,97846,IXRBU4BPZOF7,2
2020-02-04,smail@gmail.com,79116,S8OFJS2JUV20,1
2020-02-04,smail@gmail.com,79116,Z8M9KAHUWGAL,2
2020-02-05,tre@outlook.com,66295,CYV08FVO1ZI7,4
2020-02-05,tre@outlook.com,66295,BK60PG6T74JJ,5
2020-02-05,preo@outlook.com,60547,45R87X6VSW0O,3
2020-02-05,preo@outlook.com,60547,TQA96LWVXJO4,1
2020-02-05,yunk@gmail.com,98802,RY6AWJHQSQUL,1
2020-02-05,yunk@gmail.com,98802,O989DFV5Q3EB,2
2020-02-05,tryd@yahoo.com,94358,W3TUWX2DSVUS,4
2020-02-05,tryd@yahoo.com,94358,29S2IHQX2HWT,1
2020-02-05,tryd@yahoo.com,94358,UHMB9WV5FVH1,3
2020-02-05,mym@msn.com,25990,GHQ91CZQB5K1,2
2020-02-05,geng@mail.com,21471,TFVG1TVRVIA9,5
2020-02-05,geng@mail.com,21471,PYTI10XKAVHF,3
2020-02-05,geng@mail.com,21471,RDPHNZTT431K,2
2020-02-05,suer@outlook.com,89792,65MBTU7E8K7E,2
2020-02-05,ply@msn.com,49745,0XNFZTLK0SW1,1
2020-02-06,buent@inbox.com,11346,Y764OSTYKRBR,2
2020-02-06,buent@inbox.com,11346,333HVMF2B9UR,1
2020-02-06,gry@aol.com,81094,9ZWAQDPGF1TL,2
2020-02-06,pree@live.com,50565,1E4WC5OWGDX1,2
2020-02-06,le@yahoo.com,99628,CU2ZH1Z6RF8P,1
2020-02-06,le@yahoo.com,99628,YF857MVEJN8D,1
2020-02-06,zaav@mail.com,42135,1XF0ERLOOZFZ,4
2020-02-06,gloeng@inbox.com,59653,19C51Z1NBVJG,4
2020-02-07,spamp@outlook.com,01942,FJTBNRH06RH0,1
2020-02-07,kump@yahoo.com,92510,081QCW5PIUL3,1
2020-02-07,craz@aol.com,57034,PB67O6SUF0S1,3
2020-02-07,craz@aol.com,57034,FPAFD7W34SCX,3
2020-02-07,chae@aol.com,00183,NCS42OYKU5HG,2
2020-02-07,chae@aol.com,00183,Q13H082XSAU4,1
2020-02-07,chae@aol.com,00183,1X9KUYYVCFLT,1
2020-02-07,chae@aol.com,00183,I3MLEYH42E8V,1
2020-02-07,chae@aol.com,00183,RUZ45GOYHYMJ,1
2020-02-07,treiw@yahoo.com,40852,TGUYHK6ZC6IS,1
2020-02-07,treiw@yahoo.com,40852,LAHML6WF06EN,1
2020-02-07,treiw@yahoo.com,40852,CV40CRMPKYF4,2
2020-02-07,flept@gmail.com,44488,O3KT6WDVDX1B,1
2020-02-07,luat@aol.com,78471,VLSI56NQDZTA,1
2020-02-07,smoi@hotmail.com,36320,5Y05XKJF1UBF,2
2020-02-07,shie@yahoo.com,08855,ZLFV0BJLO2SU,2
2020-02-07,shie@yahoo.com,08855,XXB1KX8AHS94,3
2020-02-07,shie@yahoo.com,08855,IB42LZLM48UV,1
2020-02-07,shie@yahoo.com,08855,AHO0AQ6K4YQ1,4
2020-02-07,ku@yahoo.com,20745,74ZSX6U7LD4V,4
2020-02-07,ku@yahoo.com,20745,9N73OSHAK6I0,1
2020-02-08,veom@yahoo.com,24538,VZ2NA54W66RU,1
2020-02-08,beez@msn.com,50565,0N6IRZJWTPSP,1
2020-02-09,ho@live.com,70196,GY0KW59GB343,1
2020-02-09,star@hotmail.com,71966,U8ZZ1L9ZSM43,1
2020-02-09,glua@mail.com,12884,JNO8MI4LK2VH,2
2020-02-09,glua@mail.com,12884,6RY2XWW6GBGS,2
2020-02-09,glua@mail.com,12884,9TD5N7HTY40F,1
2020-02-09,triob@gmail.com,62593,JTB6WMI8S1FO,1
2020-02-09,flie@hotmail.com,40852,7FS7W4XVZ4CH,2
2020-02-09,yeest@gmail.com,97444,AG6XV56WG7K4,1
2020-02-09,chi@aol.com,12239,JWZZ9N2LOSS9,1
2020-02-10,bree@icloud.com,67783,1SR2WG9K9BPY,3
2020-02-10,blent@msn.com,03819,UKHSUOPNA6XE,2
2020-02-11,loo@yahoo.com,27503,JXSQN36K1AJP,2
2020-02-11,strut@hotmail.com,11976,RXOYV5AUYNTO,1
2020-02-11,plaad@aol.com,56241,5OTU293KCVXV,1
2020-02-11,plaad@aol.com,56241,7QMCMCDITAME,1
2020-02-12,koush@yahoo.com,43666,H4JSP77LSMOE,1
2020-02-12,koush@yahoo.com,43666,N4QO8Q140C60,1
2020-02-12,dri@yahoo.com,92338,96W2BGD86S2Z,2
2020-02-12,clou@yahoo.com,76751,Q332GPBG33LM,1
2020-02-12,plaor@live.com,24004,B4N4W10EG4TT,2
2020-02-12,sluo@yahoo.com,56793,JBJQSRT4ZO0L,2
2020-02-13,pump@live.com,47775,G196M9MOCPR9,2
2020-02-13,pump@live.com,47775,VA2JRU8F6V24,4
2020-02-13,fu@gmail.com,81094,88WRQHOPWTXY,2
2020-02-13,fu@gmail.com,81094,2PQDUPYBKUW1,1
2020-02-13,yoo@inbox.com,63667,NUBZHCW3H4NX,2
2020-02-13,sheaf@hotmail.com,36532,STYCSNQ24XOF,1
2020-02-13,chuop@outlook.com,90244,FGFV5FIFUV7H,1
2020-02-13,chuop@outlook.com,90244,OS6629XL0FKX,1
2020-02-13,chuop@outlook.com,90244,L9KRDZMMFSLJ,2
2020-02-13,spa@gmail.com,92836,7IMYX4E6B6G4,1
2020-02-14,plab@hotmail.com,64240,U2KODL6LJZZ2,2
2020-02-14,plab@hotmail.com,64240,AL03GXB0E2VX,1
2020-02-14,geapt@outlook.com,91307,GHAZ7LSEXGJ9,2
2020-02-14,geapt@outlook.com,91307,2IIBX59YAHYB,2
2020-02-14,geapt@outlook.com,91307,QNB7ZC0TM1L0,1
2020-02-14,wouh@msn.com,53561,05S40UGV2REN,2
2020-02-14,wouh@msn.com,53561,YPAALD2KLBHT,1
2020-02-14,wouh@msn.com,53561,ZC0FF0TOYFDN,3
2020-02-14,cruag@yahoo.com,72398,LOX193224KQ4,2
2020-02-14,mess@live.com,44488,00388GMRLW8W,4
2020-02-14,mess@live.com,44488,ZAOGBGE1MJ09,1
2020-02-15,plioz@gmail.com,06760,3SI389AM9Q3O,2
2020-02-15,shoi@mail.com,82716,NTRN9ZODA8U7,1
2020-02-15,shoi@mail.com,82716,7XQY8IGKNWGU,1
2020-02-15,shoi@mail.com,82716,1E9R5KABFAOT,1
2020-02-15,shoi@mail.com,82716,5OK7FJGI9KN0,1
2020-02-15,shoi@mail.com,82716,5EE6K4Z4HSYI,2
2020-02-15,fre@icloud.com,57728,T8T03P5F3I8C,4
2020-02-15,fre@icloud.com,57728,ZXBIJWYA3AGP,1
2020-02-15,nyy@yahoo.com,22136,KZE3ZY99S2G7,1
2020-02-15,kiasp@icloud.com,13595,TXPQD74FG8LK,1
2020-02-16,shuish@yahoo.com,69304,HY6UIVY01U06,2
2020-02-16,sloz@gmail.com,00183,GSHWCEA1JKT8,1
2020-02-16,sloz@gmail.com,00183,RSOVZK12HV4P,4
2020-02-16,styv@inbox.com,94934,0FBVE34LD0CP,1
2020-02-16,chai@icloud.com,60547,320HUINET6WT,1
2020-02-16,chai@icloud.com,60547,CBPK0TEI3IO4,2
2020-02-16,chai@icloud.com,60547,GPLCX2I6HORE,4
2020-02-16,blee@hotmail.com,91835,SOGOJW89B6F8,1
2020-02-16,pree@hotmail.com,89792,I9JGNRVP7QIJ,1
2020-02-16,pree@hotmail.com,89792,SBMD15WGPN7K,5
2020-02-16,neipt@gmail.com,49456,E8I3NVKFJNMJ,2
2020-02-16,neipt@gmail.com,49456,HVI9YHM6J2J6,2
2020-02-16,neipt@gmail.com,49456,X6UE9Y850OON,1
2020-02-16,peift@live.com,82075,9P29JL5FYK3E,1
2020-02-16,peu@gmail.com,43316,SEH39FIHMCCG,2
2020-02-17,slod@yahoo.com,62593,K096ZGD4SKDL,4
2020-02-17,sna@outlook.com,45676,PQAQ007QNE1C,1
2020-02-17,waf@msn.com,20577,3WFYYFS8IOH0,3
2020-02-17,bly@yahoo.com,82075,MTAAPGZRJFQ2,1
2020-02-17,ja@aol.com,18926,944UEUH2RYOE,1
2020-02-17,croisk@yahoo.com,81063,CRZORHADPOU3,2
2020-02-17,croisk@yahoo.com,81063,C9CVZ8W5O6B8,2
2020-02-17,streo@aol.com,81694,DKRW80API0XG,1
2020-02-17,streo@aol.com,81694,ROD1QU7BMD68,1
2020-02-17,le@aol.com,67094,FGRWXSGBE4YF,1
2020-02-17,le@aol.com,67094,6ML39TIBB52P,2
2020-02-17,bynt@aol.com,06882,PYTIR9YPSM8N,2
2020-02-18,do@icloud.com,67094,PADT7WSVABAS,1
2020-02-18,do@icloud.com,67094,60X35GDRY0NR,3
2020-02-18,do@icloud.com,67094,RD09OEEAK943,1
2020-02-18,snua@yahoo.com,99710,FQZW8W92EWO3,1
2020-02-18,hov@yahoo.com,08794,NC08AXZL1MN9,1
2020-02-18,stoe@gmail.com,57728,LGPH7T5AE4DT,3
2020-02-18,stoe@gmail.com,57728,K0113ZJN7S27,1
2020-02-19,miu@gmail.com,64409,R3TWAYO5MUGV,2
2020-02-19,tre@yahoo.com,54276,PBWZ0VIYYAGF,1
2020-02-19,tre@yahoo.com,54276,MHASIDVOGWHC,4
2020-02-19,tre@yahoo.com,54276,GV7GF4IIW7LE,1
2020-02-19,tre@yahoo.com,54276,MM55Z8D6MIY6,2
2020-02-19,tre@yahoo.com,54276,WTG323TXA1TC,1
2020-02-19,friu@aol.com,98802,NOTLY3GGQWJX,1
2020-02-19,friu@aol.com,98802,KB1VGH5SO4BF,4
2020-02-19,yuach@yahoo.com,26583,M67463I8LQUM,2
2020-02-19,yi@msn.com,62294,IBYQXFOADCU2,2
2020-02-20,na@aol.com,09807,JRM87DC9H02D,4
2020-02-20,dao@gmail.com,35152,JHW2VQO5G4WT,2
2020-02-20,dao@gmail.com,35152,PSFZQ2T9F2HQ,2
2020-02-20,dao@gmail.com,35152,JAJDTLV3MBHW,1
2020-02-20,dao@gmail.com,35152,89WQ9YDWYB87,1
2020-02-20,flub@icloud.com,47775,VCH9K8QJRFTF,3
2020-02-20,flub@icloud.com,47775,DBFTQQJB01EO,1
2020-02-20,glaapt@yahoo.com,57508,8KRKKLI3RI4F,1
2020-02-20,dea@aol.com,23419,ZD262ENPVBJW,1
2020-02-21,skess@live.com,88046,I4ZILUA50LSS,1
2020-02-21,geod@aol.com,72094,F5YF5G2FPCFO,1
2020-02-21,geod@aol.com,72094,ITGA3MA0XF56,1
2020-02-22,fli@outlook.com,52051,1ITGKP9ZSYTQ,3
2020-02-22,fli@outlook.com,52051,145NHGRFBQV6,1
2020-02-22,byct@hotmail.com,21015,EMH1TWRU7ZHX,3
2020-02-22,byct@hotmail.com,21015,OKRXESK0CSTQ,1
2020-02-22,da@aol.com,78512,OQ8RIMW56PU9,1
2020-02-22,da@aol.com,78512,G6QD66EBAT3T,1
2020-02-22,da@aol.com,78512,WQJ0DZWQY3PG,1
2020-02-22,da@aol.com,78512,YCAVCJP2PC21,1
2020-02-22,how@msn.com,54104,MQMIZN3B6DVP,3
2020-02-23,leenk@hotmail.com,53307,F3MAVTVDDZ97,1
2020-02-23,preu@yahoo.com,44771,BOOUAWJ1JKP6,1
2020-02-23,preu@yahoo.com,44771,RZXJ3LCVJZ4E,1
2020-02-23,sneo@hotmail.com,21874,JNO8MI4LK2VH,2
2020-02-23,sneo@hotmail.com,21874,ES1XOPZ7UMM2,1
2020-02-23,sneo@hotmail.com,21874,RRQIEZ8CGZJ7,1
2020-02-23,bift@inbox.com,72094,BHPBIEFK0200,2
2020-02-23,skiss@gmail.com,68215,AWX5VBHU9JMC,2
2020-02-23,nect@yahoo.com,92338,QTHCB3AQ1JAT,3
2020-02-23,bleiss@icloud.com,71968,7EPTOTOWE5V1,1
2020-02-23,jyz@yahoo.com,16733,ZPH77QXL8SDD,2
2020-02-23,jyz@yahoo.com,16733,LJ9QPM0RH6VI,1
2020-02-23,jyz@yahoo.com,16733,66FH4XETFPX5,1
2020-02-23,sew@msn.com,97444,7VCWQUSNVH59,1
2020-02-23,sew@msn.com,97444,BN7KSV70YRAG,1
2020-02-23,sew@msn.com,97444,GB4A3L68TW39,1
2020-02-23,sew@msn.com,97444,GDAYYOJSZIT6,1
2020-02-23,stresh@live.com,23927,C9BKKF8K3PJS,1
2020-02-23,stresh@live.com,23927,0L7GGQU98Q57,1
2020-02-23,stresh@live.com,23927,LZK7SGZCSV9N,1
2020-02-23,slul@gmail.com,01197,I21WTK5WRVQ3,2
2020-02-23,zaaf@aol.com,23419,PWJ9XH1SNUSI,1
2020-02-23,zaaf@aol.com,23419,OMQIDC0K2WRB,1
2020-02-24,druoh@yahoo.com,62680,UGDVRA2XTRWY,1
2020-02-24,druoh@yahoo.com,62680,1CQK9YGLGDH8,3
2020-02-24,druoh@yahoo.com,62680,7ICX1XL2912Y,2
2020-02-24,blao@outlook.com,34894,23A70DFNZNBC,2
2020-02-24,waesk@msn.com,94478,7ZYJJLXSQ6BZ,1
2020-02-24,waesk@msn.com,94478,LL8BM3B8DKLG,2
2020-02-24,waesk@msn.com,94478,T7Q3EISHSVZL,4
2020-02-24,waesk@msn.com,94478,YU1JK13KY4CI,2
2020-02-24,waesk@msn.com,94478,9WLISNU1GPP7,1
2020-02-24,vi@hotmail.com,78471,616NL8AKRQDZ,2
2020-02-24,vi@hotmail.com,78471,TNO6EE7IJXY7,3
2020-02-24,vi@hotmail.com,78471,RUNC4XE0YJCS,3
2020-02-24,poug@live.com,20106,IHOSEWJT3Y11,1
2020-02-24,puind@yahoo.com,33873,TIWH98H4SRRA,1
2020-02-24,puind@yahoo.com,33873,YV4DJ50XFB5O,1
2020-02-24,puind@yahoo.com,33873,R2WF9UJ669YE,2
2020-02-24,muoy@inbox.com,27426,V5E0QCTMTPGS,1
2020-02-24,jo@gmail.com,02958,XXXZ20SDAZWY,2
2020-02-25,vesp@live.com,00183,48XD1E3D2LFO,1
2020-02-25,sua@aol.com,31276,9OV7Y0G1ZJDV,1
2020-02-25,yeak@yahoo.com,39788,MC9DON8KXSYT,1
2020-02-25,yeak@yahoo.com,39788,5IFJAEU3RVVL,2
2020-02-25,yeak@yahoo.com,39788,E8XT72IN29T4,1
2020-02-25,sna@aol.com,40131,ETLCII3COQ4H,2
2020-02-25,crio@hotmail.com,58165,KJYW8DFST90N,1
2020-02-25,strau@yahoo.com,80177,V4LGKU8KNXI7,3
2020-02-25,strau@yahoo.com,80177,8TRU20SUX7UR,1
2020-02-25,strau@yahoo.com,80177,E5974NSRKH7P,1
2020-02-25,swaiw@mail.com,68750,67MIU5IKBJC1,4
2020-02-25,swaiw@mail.com,68750,Q6EFAWFWIHB9,1
2020-02-25,stroo@gmail.com,94760,VQZ8TCU6WVXZ,1
2020-02-25,stroo@gmail.com,94760,M9HXIZ2JPRHI,1
2020-02-26,nuond@yahoo.com,08600,8U21VX9AE1NA,4
2020-02-26,nuond@yahoo.com,08600,GKU3XUV0821V,2
2020-02-26,go@aol.com,08434,CGJZF6AGV5NM,1
2020-02-26,tuz@yahoo.com,91307,4YZPS99LQTOT,1
2020-02-26,smi@gmail.com,53307,3JK7XK2SL7LC,1
2020-02-26,smi@gmail.com,53307,TQSJ5YDE7OOV,2
2020-02-27,lie@hotmail.com,62395,9ZV5NPY0BSJ7,1
2020-02-27,lie@hotmail.com,62395,7KKDPWAJF4ZU,1
2020-02-27,lie@hotmail.com,62395,H6CH75ZC7JK6,1
2020-02-27,gry@gmail.com,11976,07VLYJBHPSU7,1
2020-02-27,stue@gmail.com,66295,QSLZ8LRZ249W,1
2020-02-27,brio@outlook.com,80319,HWKTX4X56XFJ,1
2020-02-27,brio@outlook.com,80319,SOGUH8GSV9N0,1
2020-02-27,brio@outlook.com,80319,IKG1GVGLFZGR,2
2020-02-27,frask@gmail.com,89822,5ZTZGXR9VVBS,1
2020-02-27,frask@gmail.com,89822,D5HZGYR8OO7Z,1
2020-02-27,frask@gmail.com,89822,8NJINBV5RF5S,3
2020-02-27,fleaz@gmail.com,67892,OAGNJI0Q9E23,6
2020-02-28,fyd@live.com,12401,DI11KMYX1B25,4
2020-02-28,fyd@live.com,12401,M5E80I4YL91G,5
2020-02-28,fyd@live.com,12401,OCLO4OOHP6D8,2
2020-02-28,fyd@live.com,12401,2YCOGAGIXLQ6,2
2020-02-28,fyd@live.com,12401,IWDH4RED8GXV,2
2020-02-28,sho@outlook.com,70064,J1TW56XQ5QZF,1
2020-02-28,strue@icloud.com,61504,OGU2LCFXI070,1
2020-02-28,strue@icloud.com,61504,DSKRPKP81M87,2
2020-02-28,stree@mail.com,92858,0A6JH3BSNM63,3
2020-02-28,stree@mail.com,92858,R5EQWMSARARU,1
2020-02-29,pra@msn.com,89374,5DH77XHR72RN,1
2020-02-29,pra@msn.com,89374,VXKFNCA32M8A,1
2020-02-29,pra@msn.com,89374,MJATFPV8CVTZ,2
2020-02-29,clie@gmail.com,23004,REFWRD6WX2XH,1
2020-02-29,dryct@inbox.com,18464,7F9BKZPAVD69,2
2020-02-29,swaev@live.com,53561,PP3SG37W8XXF,1
2020-02-29,swaev@live.com,53561,C6RRAAKMV6KA,2
2020-03-01,glauy@aol.com,43341,WKMSC3LLQ10A,1
2020-03-01,zoe@outlook.com,79116,64QEJQO5NTHN,2
2020-03-01,mia@msn.com,36704,P5N6ULJYRVUO,2
2020-03-01,mia@msn.com,36704,2AKSR528TKU5,1
2020-03-01,mia@msn.com,36704,9IUAACYDLB37,1
2020-03-01,lou@mail.com,24004,VLK4UOR0N8ZD,4
2020-03-01,lou@mail.com,24004,PMFSL0UMGK8P,4
2020-03-01,lou@mail.com,24004,P9L8VWVJ3LYD,2
2020-03-01,lou@mail.com,24004,RDNSPRDSSX56,1
2020-03-02,wai@yahoo.com,00263,3UZ9XJY1DWA2,2
2020-03-02,baosp@gmail.com,05552,AU58OZTU6C4R,3
2020-03-02,baosp@gmail.com,05552,CHX1IJFFZ86G,1
2020-03-02,jiog@yahoo.com,89822,NX1QMXHW80IM,1
2020-03-02,jiog@yahoo.com,89822,593DVRVOEHBK,2
2020-03-02,chiy@live.com,81046,IO1BT79ZOLDF,2
2020-03-02,chiy@live.com,81046,TKIHT6YJWSOT,3
2020-03-02,chiy@live.com,81046,YASFNW9FA9VL,5
2020-03-02,chaa@inbox.com,40131,997WQK3JZJMT,1
2020-03-02,chaa@inbox.com,40131,FR9M5YT1BW72,1
2020-03-02,loeng@outlook.com,18828,A4ECXUOMQ1X7,1
2020-03-02,loeng@outlook.com,18828,VKGPWDRXHQTK,1
2020-03-03,zost@icloud.com,86660,JTFEDNPY49YT,1
2020-03-03,zost@icloud.com,86660,KJM8F8J31GPH,3
2020-03-03,crev@hotmail.com,67428,OSZMLJWLK9IU,2
2020-03-03,crev@hotmail.com,67428,L5J1ZQJF0EY8,1
2020-03-03,crev@hotmail.com,67428,JMIDV4RCUOK5,2
2020-03-03,groa@yahoo.com,94934,LBHUAHQEDV6P,1
2020-03-03,roent@gmail.com,88046,XSGLSJR6QVDI,1
2020-03-03,cha@mail.com,39828,9CJA1T9KSU5I,1
2020-03-03,cha@mail.com,39828,QMVHS7MKYSO3,2
2020-03-04,chouf@yahoo.com,99710,GZEWRK9YFND7,2
2020-03-04,swae@msn.com,80431,NHYAUZENCRZQ,2
2020-03-04,shaenk@hotmail.com,55819,2ZIPUIHDTE6J,1
2020-03-04,ke@gmail.com,21015,23MBSDPBME9M,3
2020-03-04,ke@gmail.com,21015,TNFZKIOCIHQE,2
2020-03-04,ke@gmail.com,21015,40MKEC2G6N1T,1
2020-03-04,ke@gmail.com,21015,ZZ85SVWMB2US,1
2020-03-04,zind@gmail.com,23440,P82WKH72DS9A,2
2020-03-04,zind@gmail.com,23440,J9O8Y5MAKQNG,1
2020-03-04,nuach@yahoo.com,82570,UZIQAABYLMOT,1
2020-03-04,nuach@yahoo.com,82570,ET2MMWIXPYNA,1
2020-03-05,gio@live.com,53954,8HYIRAIW6W72,1
2020-03-05,yyst@msn.com,14384,Q35LF2FYI41D,1
2020-03-05,yyst@msn.com,14384,YEI9F3L26YGV,4
2020-03-05,yyst@msn.com,14384,ED6HVOSJG8T0,4
2020-03-05,yyst@msn.com,14384,XREIP1CVHQBF,1
2020-03-05,yyst@msn.com,14384,B7ERM5CQHKWU,1
2020-03-05,fle@inbox.com,72649,2J9OLG0WCUCT,2
2020-03-05,zoi@gmail.com,24337,0TISJ85S1B4W,1
2020-03-05,laob@yahoo.com,37839,YPMVUST8UQGE,5
2020-03-05,laob@yahoo.com,37839,TNB5416O2D0H,4
2020-03-05,bruont@yahoo.com,64219,Q97WLK2010PC,1
2020-03-06,stel@hotmail.com,40489,OUFCVPBLEHPO,1
2020-03-06,groy@yahoo.com,31914,HT051LKSTANS,4
2020-03-06,groy@yahoo.com,31914,7TH9NMWPGNWD,1
2020-03-06,groy@yahoo.com,31914,C8H6FZFN6YZY,2
2020-03-06,koe@msn.com,72293,TFJMY3R96RU4,4
2020-03-06,koe@msn.com,72293,UPM7MIME7GYL,2
2020-03-06,koe@msn.com,72293,V2DIOFGZI5YB,1
2020-03-06,strie@outlook.com,45121,KJYW8DFST90N,1
2020-03-06,smong@gmail.com,23004,WRYTMQ0YX6YQ,1
2020-03-06,smong@gmail.com,23004,D1ZQAL8TB5H7,1
2020-03-06,boo@yahoo.com,05552,6BGXH473DU6V,5
2020-03-06,boo@yahoo.com,05552,C1D447S5M01M,1
2020-03-06,keu@aol.com,86660,8XBR6ZFDUZPA,3
2020-03-06,keu@aol.com,86660,DSNCDIVO4UH7,2
2020-03-06,froimp@live.com,69304,V3E9FBFW79GJ,1
2020-03-06,froimp@live.com,69304,U8PVW76WUKWZ,1
2020-03-07,ploo@yahoo.com,65188,GN5IUIB3C0IC,1
2020-03-07,droe@yahoo.com,42140,Q2QDFMF1K7AE,2
2020-03-07,zych@aol.com,08600,5HMF1G7PP3LC,1
2020-03-08,neo@aol.com,70196,T5H02IRF85P9,3
2020-03-08,droif@yahoo.com,33873,Y6EW3LW81ZM3,1
2020-03-08,droif@yahoo.com,33873,XLKYS5OJKQG5,1
2020-03-08,flyk@inbox.com,35685,HGQVHXFM60AB,3
2020-03-09,sliu@outlook.com,48997,LZZWBW0IAQBA,1
2020-03-09,bruaft@aol.com,66305,AZ9DR4EI0CLQ,1
2020-03-09,bruaft@aol.com,66305,QWYX03MC44U8,1
2020-03-09,yosh@hotmail.com,15741,W1S0JROOVY1H,1
2020-03-09,yosh@hotmail.com,15741,C8PII3MOX03R,1
2020-03-09,yosh@hotmail.com,15741,UXPTCFXWXQ3O,1
2020-03-09,sto@inbox.com,48828,Y3QRZK4GBDU3,2
2020-03-09,sto@inbox.com,48828,USZZ9NSF2853,1
2020-03-09,keut@gmail.com,71624,AB0DXSAXC9P9,5
2020-03-09,giul@yahoo.com,48318,NIWUU3B028O8,2
2020-03-09,giul@yahoo.com,48318,SV1ZIVM5BNHZ,1
2020-03-10,jyv@gmail.com,40131,G7JA15UDXOC9,1
2020-03-10,dryft@icloud.com,43666,SNDO0ZR0ODH6,2
2020-03-10,chiay@icloud.com,72755,M9TFWZ7RUB0B,1
2020-03-10,zych@yahoo.com,72094,WN843RLYTTCN,2
2020-03-10,skeid@yahoo.com,80319,FFGTPJTFSGO7,2
2020-03-10,skeid@yahoo.com,80319,PJZ7U0TT5QES,1
2020-03-10,skeid@yahoo.com,80319,T129MXINESPD,2
2020-03-10,skeid@yahoo.com,80319,5WM5OB3ISTMS,1
2020-03-10,skeid@yahoo.com,80319,VBCC1S8FQVB1,1
2020-03-11,niu@yahoo.com,35973,5B7YQ7QFBI82,2
2020-03-11,choi@hotmail.com,60858,M078M7PU6KJQ,1
2020-03-11,cru@inbox.com,68444,9I1W44O4X1YC,1
2020-03-11,cru@inbox.com,68444,6J7MCCVVJLFA,4
2020-03-11,spiw@msn.com,95301,PXEUL6D0YW1E,2
2020-03-11,spiw@msn.com,95301,DAZ9C8ORJ4LT,3
2020-03-12,skeund@inbox.com,24052,DP9UFO9S33W0,1
2020-03-12,skeund@inbox.com,24052,RS65UNEYX5JV,1
2020-03-12,cloct@yahoo.com,55010,8PRP97KDRL6E,1
2020-03-12,cloct@yahoo.com,55010,1RGPG7KZSZMI,3
2020-03-12,froct@inbox.com,67892,ES8I6TD08I83,3
2020-03-12,plypt@gmail.com,88831,EIG61I1ZIP7S,1
2020-03-12,hu@icloud.com,65533,XQ1623S9DURR,1
2020-03-12,hu@icloud.com,65533,T7FYOHS666WX,5
2020-03-12,lyv@live.com,26964,2G1VNBE513V8,4
2020-03-12,pleef@yahoo.com,23195,J9VSZX11Z1K1,1
2020-03-12,smee@yahoo.com,39788,OKD8OVHVN464,2
2020-03-13,tuint@mail.com,30676,2HPLHW7YYK5G,1
2020-03-13,tuint@mail.com,30676,33RERLLM9F7D,2
2020-03-13,blai@yahoo.com,82966,3K1Q5AE1FHNH,1
2020-03-13,beur@msn.com,64992,D8TDLO8CV2S8,4
2020-03-13,beur@msn.com,64992,QVWAFI0OODVC,1
2020-03-13,beur@msn.com,64992,RRB29SDRZMAG,3
2020-03-13,choer@gmail.com,67094,LFZR8PO70S68,1
2020-03-13,choer@gmail.com,67094,BXO8E0OJTXXF,3
2020-03-13,choer@gmail.com,67094,HJ14VAL3AAAO,2
2020-03-13,wei@hotmail.com,48266,TVUJIR8FX3KN,4
2020-03-13,wei@hotmail.com,48266,LUYO42KLX34N,1
2020-03-13,wei@hotmail.com,48266,S77BEKOEF7NQ,3
2020-03-13,swa@gmail.com,42722,AL1WILL07U98,3
2020-03-14,stuiw@gmail.com,24061,DOVTGHUCOAA7,1
2020-03-14,stuiw@gmail.com,24061,B9ZWQWBXWQ7G,1
2020-03-14,stuiw@gmail.com,24061,5LFBIX1TDR9D,2
2020-03-14,waig@yahoo.com,92884,K18HZXJBANWD,1
2020-03-14,woa@hotmail.com,66614,QG2IXW8K0GKF,3
2020-03-14,steect@inbox.com,23004,47VV72YR5W18,2
2020-03-14,steect@inbox.com,23004,2HYDZ37Y6GF2,1
2020-03-14,steect@inbox.com,23004,SGW05H6HQXN0,1
2020-03-15,liass@yahoo.com,54104,6WA3ONEJNU17,1
2020-03-15,liass@yahoo.com,54104,5RN8CLJ6E64W,2
2020-03-15,feind@msn.com,73951,J98ESZ3XJGX6,1
2020-03-15,yif@yahoo.com,70064,YYC040TQQES0,1
2020-03-15,hea@gmail.com,70976,NO5GFV4S86NB,3
2020-03-16,diaz@gmail.com,23370,H4MRFZZ48KYZ,1
2020-03-16,ruast@gmail.com,55200,7D1ZY3BKSBRA,1
2020-03-16,ky@live.com,53110,QB63I8L3YAYT,2
2020-03-16,yia@inbox.com,12997,2CRRKON6PSNQ,1
2020-03-16,yia@inbox.com,12997,YMEGBKDGJ7Q9,1
2020-03-16,yia@inbox.com,12997,CEAXHTYQZEOY,1
2020-03-16,yia@inbox.com,12997,YZS27FJ2LD3J,3
2020-03-17,sau@outlook.com,24538,V7HFH51DVGN7,1
2020-03-17,bass@gmail.com,53954,7C7LJZY6NMSL,1
2020-03-17,bass@gmail.com,53954,4GLO7Y3H69LE,1
2020-03-17,yae@yahoo.com,12170,4CG0K8PDN81N,2
2020-03-17,yae@yahoo.com,12170,B06QWUY5K3P9,2
2020-03-17,yae@yahoo.com,12170,0B5LCIINGVDL,3
2020-03-18,kiuf@yahoo.com,62304,BS5VS8PEKM22,2
2020-03-18,kiuf@yahoo.com,62304,DO19RTF39WYH,1
2020-03-18,cruimp@icloud.com,27426,9V8UWN1AUMVL,1
2020-03-18,cruimp@icloud.com,27426,QFRMV0Q7RDTG,2
2020-03-18,ny@gmail.com,02920,HRKHZDLU2BU1,3
2020-03-18,ny@gmail.com,02920,EWH159HFOOHP,1
2020-03-18,ny@gmail.com,02920,TKAP2X4LJ55W,1
2020-03-18,ny@gmail.com,02920,GE684VM2QNVV,1
2020-03-18,ny@gmail.com,02920,FVAGT1PPYCES,1
2020-03-18,floud@hotmail.com,31914,XMQ9FHIBQHLY,1
2020-03-18,skeupt@yahoo.com,20106,GVUIE1RM682P,1
2020-03-19,swuend@icloud.com,59653,471ESJASK9BD,1
2020-03-19,lua@msn.com,14684,MBE2VLFUJLZW,1
2020-03-19,haan@aol.com,22708,CKK28AV3ION9,2
2020-03-19,shuosh@gmail.com,81202,JF514DBIJVXD,2
2020-03-19,shuosh@gmail.com,81202,KJDQUUNEP762,4
2020-03-19,shuosh@gmail.com,81202,YB5S1IFVZJTM,1
2020-03-19,cheuct@live.com,08855,QWF0DQCPAUK9,2
2020-03-19,chui@yahoo.com,94478,WGPMXEIZXMTE,1
2020-03-19,chui@yahoo.com,94478,1J69ZDM4MWD7,1
2020-03-19,chui@yahoo.com,94478,J28ZYIG03PPC,2
2020-03-20,stra@gmail.com,31276,D2ZZSBUEAJ10,1
2020-03-20,stra@gmail.com,31276,Y4SOMR6AAZ94,4
2020-03-20,drat@msn.com,99889,2O4WCOFPDDFB,1
2020-03-20,drat@msn.com,99889,46709Y7E2450,1
2020-03-20,drat@msn.com,99889,KDJAXD4SVHIH,1
2020-03-20,drat@msn.com,99889,30CW8GWRC8PO,1
2020-03-20,geim@msn.com,18828,2FTC6JODPOES,1
2020-03-20,zup@icloud.com,29336,6AIEQHW8TWXK,1
2020-03-20,zup@icloud.com,29336,1LR6X3HY0VK5,2
2020-03-20,mai@gmail.com,72649,FD9ZV5V2DMT2,3
2020-03-20,mai@gmail.com,72649,2VSRL8Z7F9I7,1
2020-03-20,ji@live.com,64531,JW9DHGHTOJAT,4
2020-03-20,myy@outlook.com,86413,EUADWW27OUWS,3
2020-03-21,ste@gmail.com,03026,M3IOMM1BQXJO,1
2020-03-21,goont@aol.com,49652,UW4FJ7S57VHT,2
2020-03-21,goont@aol.com,49652,D3GRRRPW00UZ,1
2020-03-21,goont@aol.com,49652,XI6890ZK5T6N,1
2020-03-22,gri@aol.com,94478,FZS81ZQKO714,1
2020-03-23,sla@icloud.com,78860,FDPETNWBC3FY,1
2020-03-23,sla@icloud.com,78860,F0HNE6CK3PL0,1
2020-03-23,glui@gmail.com,56049,FT1MA9O2ZTZN,2
2020-03-23,glui@gmail.com,56049,EGTBZWXPTSUM,2
2020-03-23,heaf@inbox.com,90244,0V2M7EOG8UUS,3
2020-03-23,hi@aol.com,54012,SM7AZTV3PJVH,1
2020-03-23,hi@aol.com,54012,16PTN27WUF6C,2
2020-03-23,fisk@yahoo.com,82966,9EFGIJZIAAN0,1
2020-03-24,glau@aol.com,27225,IH8ZWOQG2AND,1
2020-03-24,glau@aol.com,27225,WJ1RHIUUZ3GI,1
2020-03-24,ryv@yahoo.com,64863,ZDFBP6CDZPAE,1
2020-03-24,truft@gmail.com,39788,FOV3OU9Y993M,3
2020-03-25,tiom@gmail.com,06048,AKSAH6S7KH22,1
2020-03-25,tiom@gmail.com,06048,N3B9FCWQXF84,1
2020-03-25,tiom@gmail.com,06048,IW7KQ6XV8YOY,2
2020-03-25,tiom@gmail.com,06048,BFUTDN6HNH9H,2
2020-03-25,dud@yahoo.com,86536,PD7KHFNDZNHG,1
2020-03-25,blued@yahoo.com,45160,I6LZW0O53NGY,1
2020-03-26,lae@aol.com,77999,WJ1SZLDGSVAA,1
2020-03-26,lae@aol.com,77999,OS2YA7IYIMP1,2
2020-03-26,lie@hotmail.com,62395,H16TIVYSRCDH,3
2020-03-26,lei@live.com,53949,LED0LK7OG60N,4
2020-03-26,bom@gmail.com,77744,UY8OEJAV5GBS,1
2020-03-26,triul@yahoo.com,36704,Q3EBPAGUNJAW,1
2020-03-27,rae@outlook.com,79836,TUMJY29398KI,2
2020-03-27,rae@outlook.com,79836,52ML8YG2G94H,2
2020-03-27,rae@outlook.com,79836,BUBASQ6YWSPK,2
2020-03-27,sau@inbox.com,80520,G12P1Z1JDUJA,1
2020-03-27,sau@inbox.com,80520,3JGCPA4AR6IT,2
2020-03-27,sau@inbox.com,80520,X3H1M5WHYM4Y,1
2020-03-27,driu@aol.com,64571,NV5OGXK4USWL,3
2020-03-27,yeend@live.com,59203,0NBWP5LE242C,2
2020-03-27,slook@gmail.com,58165,EG6YV09G7S5M,1
2020-03-27,slook@gmail.com,58165,8T7HX6RVHDBP,1
2020-03-27,grau@aol.com,95301,AM0L2Q9JB074,2
2020-03-27,grau@aol.com,95301,5VYOHVOWY238,1
2020-03-28,jeosh@msn.com,37505,AF6OONK6FMM8,3
2020-03-28,slea@icloud.com,42140,HRDVKFUNT32R,2
2020-03-29,yyy@hotmail.com,62294,MXH0QW9T7VWF,1
2020-03-29,yyy@hotmail.com,62294,V6PLFDNPZZMK,1
2020-03-29,yyy@hotmail.com,62294,NW884IDHN7ID,2
2020-03-29,bress@gmail.com,42722,9MXWIWNJA710,1
2020-03-29,bress@gmail.com,42722,T67SIR32VSEZ,1
2020-03-29,bress@gmail.com,42722,ZMKH0SXH9NAR,1
2020-03-29,bress@gmail.com,42722,5Z91JT4EFP63,2
2020-03-30,dymp@aol.com,13697,9RY2M8I5BKZ9,2
2020-03-30,dymp@aol.com,13697,7YNBSNSSPLVA,2
2020-03-30,kua@hotmail.com,15129,JQ9PCFYLXDYY,2
2020-03-30,kua@hotmail.com,15129,1MT20GQ8BP8T,2
2020-03-30,kua@hotmail.com,15129,G59LGZ75O4PM,1
2020-03-30,smei@aol.com,06760,YXOJAJEX0092,1
2020-03-30,stuom@gmail.com,60858,7W3NI7SP99RR,1
2020-03-30,stuom@gmail.com,60858,TSU2T6QW3O7A,1
2020-03-30,stuom@gmail.com,60858,LVURFVKWXH2D,3
2020-03-30,slaonk@yahoo.com,07271,ET8SV87TXNCT,1
2020-03-30,slaonk@yahoo.com,07271,PNSYJ9OREU1A,2
2020-03-31,gluich@live.com,34894,HO3H9VKM6PX5,1
2020-03-31,gluich@live.com,34894,9XMKZN2OO6Z1,1
2020-03-31,gluich@live.com,34894,9JAZAIP1NZMK,1
2020-03-31,gluich@live.com,34894,1O5NHUGMTP84,1
2020-03-31,bu@aol.com,35685,E5KKLCCPAZDC,1
2020-03-31,bu@aol.com,35685,NU2KZGJ94JWE,1
2020-03-31,gant@hotmail.com,14054,QYQPESXNTX51,1
2020-03-31,gant@hotmail.com,14054,1CQK9YGLGDH8,2
2020-03-31,gant@hotmail.com,14054,804PX0M33QYU,1
2020-03-31,clon@outlook.com,85438,UKFB505UP6LP,2
2020-03-31,yea@yahoo.com,44771,9O9D6G8O4AA9,2
2020-03-31,yea@yahoo.com,44771,S35YQLQ5U894,1
2020-03-31,mew@hotmail.com,15741,P0ELWN73K5JR,1
2020-04-01,shue@icloud.com,40852,YUKUOJG2LOTN,1
2020-04-01,shue@icloud.com,40852,P8D5S39R0ZOK,1
2020-04-01,shue@icloud.com,40852,32JJCGYCPR28,1
2020-04-01,stryst@hotmail.com,01197,ZNZ6TFOJMH0G,1
2020-04-01,pou@hotmail.com,82570,33W6DQNLGEB1,1
2020-04-01,spao@inbox.com,66295,YLPOD65L0LF7,2
2020-04-01,spao@inbox.com,66295,5GEZ6RKO2GVH,1
2020-04-01,spao@inbox.com,66295,ZY6TDA2HY4AU,1
2020-04-01,spao@inbox.com,66295,KWZ3C5AEIOJN,3
2020-04-01,spao@inbox.com,66295,MISEDCCDVBQ0,2
2020-04-02,bruast@yahoo.com,79612,ZMWW1I7UT47G,2
2020-04-02,bruast@yahoo.com,79612,9KMYQNESALRN,1
2020-04-02,bleof@hotmail.com,68444,HGOIR5M3XAJN,1
2020-04-02,stua@mail.com,52051,BUA3SNCBSZPS,1
2020-04-02,stua@mail.com,52051,QXYQA78QAQ80,2
2020-04-02,hiomp@aol.com,72117,RL90OU67QYEF,1
2020-04-03,snin@outlook.com,98283,G7FUSZ0XB95A,1
2020-04-03,snin@outlook.com,98283,VI41TG0F6COB,1
2020-04-03,snin@outlook.com,98283,Z641A2XHUW8I,1
2020-04-03,lusk@hotmail.com,65903,3NY3SU8HZ164,1
2020-04-03,lusk@hotmail.com,65903,N0B8DJ2UE2S6,1
2020-04-03,lusk@hotmail.com,65903,6FG9PUM0N8BB,1
2020-04-03,neu@outlook.com,21471,96R5UBS3CMYG,2
2020-04-03,strae@yahoo.com,13357,ACC1K018JNT6,1
2020-04-03,claay@gmail.com,39788,UOT7BG33JJ0I,1
2020-04-03,dry@gmail.com,53307,NWR08IPQM5TW,4
2020-04-03,chusk@hotmail.com,66614,1R6AHFH69X5M,2
2020-04-03,sleu@gmail.com,48997,YCH5MG12VCBG,1
2020-04-03,sleu@gmail.com,48997,YCAVCJP2PC21,1
2020-04-03,sleu@gmail.com,48997,03TJT4OWHWIS,1
2020-04-04,pru@outlook.com,30569,NO5GFV4S86NB,1
2020-04-04,pru@outlook.com,30569,JIJMMW3OFKNH,2
2020-04-04,pru@outlook.com,30569,JN9T7810LCUR,2
2020-04-04,greush@live.com,53954,BOYABZLM1H2J,1
2020-04-04,da@live.com,24395,5XU94WTHGQIF,1
2020-04-04,da@live.com,24395,BBMSO09B6518,1
2020-04-04,da@live.com,24395,627LSCB1MYTB,5
2020-04-04,da@live.com,24395,91DDLO92HR7V,1
2020-04-04,lai@aol.com,64863,HYDUYYUB4DEU,1
2020-04-04,smuem@gmail.com,12005,HYSQ29H0R5B1,2
2020-04-05,bruz@aol.com,45676,66DQBKEO3KRQ,3
2020-04-05,bruz@aol.com,45676,RDR8KRM83T7K,4
2020-04-05,toi@gmail.com,81202,GAF1JZQG98MX,1
2020-04-05,foop@outlook.com,34894,810JRQJUPH4W,1
2020-04-05,wio@yahoo.com,81625,1ZVR3WKI5H6F,2
2020-04-05,wio@yahoo.com,81625,6QPZ1427KOG7,2
2020-04-05,maav@gmail.com,98272,10TOMYBX6OA1,2
2020-04-05,maav@gmail.com,98272,GXWFKGA1FM8A,2
2020-04-05,koun@gmail.com,06760,04BQXW9LFRSK,1
2020-04-05,koun@gmail.com,06760,2BVI7D7J9Y7K,1
2020-04-05,smuad@gmail.com,78186,ZGFAVYYX1XR8,2
2020-04-06,lynt@yahoo.com,58720,ZJXHVVITRC1S,1
2020-04-06,fe@icloud.com,88821,RRBF6ERZOZST,2
2020-04-06,fe@icloud.com,88821,X83K9GCBV5TE,1
2020-04-06,chang@gmail.com,83668,TNPCMU19OXZM,3
2020-04-06,chang@gmail.com,83668,YHSBMTZ8WUPC,1
2020-04-06,haik@hotmail.com,62294,GKHW0MPA28SA,1
2020-04-06,haik@hotmail.com,62294,3GKY7L9M3Y9R,4
2020-04-06,haik@hotmail.com,62294,W6X9YDYMXGJE,3
2020-04-07,tryng@hotmail.com,94764,ZRX4XD7R8BWX,1
2020-04-07,sko@inbox.com,46278,F1LTU7TXIX3C,1
2020-04-07,sko@inbox.com,46278,37GTA129IV3B,1
2020-04-07,swan@outlook.com,46278,7EKLP2HHRA2F,1
2020-04-07,swan@outlook.com,46278,3WFWSYM5FL7H,2
2020-04-07,swan@outlook.com,46278,ZW27NJ6MKFAT,1
2020-04-07,swan@outlook.com,46278,7V3RB7Q8DR1L,2
2020-04-07,swan@outlook.com,46278,XWMJI3OIDQGY,1
2020-04-07,pand@live.com,83668,NFAFYZRRZZOP,2
2020-04-07,yaoct@aol.com,17307,EV6YRMEKF2UU,1
2020-04-07,yaoct@aol.com,17307,TTE133J0EUGE,1
2020-04-08,flah@msn.com,84729,8UXHT5UBHMI4,1
2020-04-08,priush@gmail.com,35973,UN50WI6S3ASW,1
2020-04-08,jeu@inbox.com,15793,6092P0N0U950,2
2020-04-08,cleng@hotmail.com,08855,PM8WVVMNFEJJ,1
2020-04-08,wisp@yahoo.com,04141,27IHV1FHAFXW,3
2020-04-08,ba@gmail.com,51805,P4DE5Z3H3SFX,2
2020-04-08,ba@gmail.com,51805,QZB4YPY2KY4W,1
2020-04-09,dei@yahoo.com,52742,1JMQBZZFLHOI,2
2020-04-09,moch@hotmail.com,53949,X5PZDOISNDOZ,3
2020-04-09,triv@aol.com,21471,IATGWNALYEMA,3
2020-04-09,gruind@gmail.com,94478,F57PQV6WFDDX,1
2020-04-09,shopt@gmail.com,32081,PHV90MJ5EHG4,2
2020-04-09,moe@hotmail.com,11346,IRZ9HGG79FYJ,1
2020-04-09,moe@hotmail.com,11346,X61FWFA7BI6A,2
2020-04-09,moe@hotmail.com,11346,A4RW1DDWQTFN,4
2020-04-09,smuem@gmail.com,12005,YDMB0BHIK5WY,2
2020-04-09,smuem@gmail.com,12005,1EL3H9UW8SDO,1
2020-04-10,steund@hotmail.com,66729,DURHE0WOCHQT,1
2020-04-10,steund@hotmail.com,66729,SS9XDXCAFE0J,2
2020-04-10,steund@hotmail.com,66729,8GEEK8IU2OUT,1
2020-04-10,steund@hotmail.com,66729,DDL4MVZQ6IUY,1
2020-04-10,steund@hotmail.com,66729,O1DA3NRLMLOC,1
2020-04-10,fre@msn.com,56819,BDZV316AQLBP,2
2020-04-10,fre@msn.com,56819,K5Y5WZPWBYMU,3
2020-04-10,chy@hotmail.com,94934,GPFAXXQP8T1B,5
2020-04-10,chy@hotmail.com,94934,KB14VIAKEZKK,1
2020-04-10,chy@hotmail.com,94934,BDAHYY7H8I7X,1
2020-04-10,fon@aol.com,55010,N5K44I5TKI6K,1
2020-04-11,strer@yahoo.com,39104,NGABWKT7H608,2
2020-04-11,zao@live.com,90089,9Z82P2KP9XDS,1
2020-04-11,plu@mail.com,87317,KNDI946U8LJ8,1
2020-04-11,cria@gmail.com,97008,15U3DEYT1WVS,3
2020-04-11,cria@gmail.com,97008,XP4V2QEPGO5V,2
2020-04-11,cria@gmail.com,97008,8MIAMY1Z6SB5,3
2020-04-12,smuog@hotmail.com,92293,KFKQHA8D379A,2
2020-04-12,smuog@hotmail.com,92293,862ODOIWP0GO,2
2020-04-12,smuog@hotmail.com,92293,HTID5599BZ2O,1
2020-04-12,fla@icloud.com,64308,2VW4PNTAU722,1
2020-04-12,fla@icloud.com,64308,CSZ05F14621A,1
2020-04-12,fraung@hotmail.com,02802,3UZHGCLTUPR8,2
2020-04-13,feid@live.com,12574,8RYM74SASZ4W,1
2020-04-13,groew@hotmail.com,50565,W21NOEYKCTYF,6
2020-04-13,paa@live.com,89374,33BP5E5LUXTX,2
2020-04-13,pu@hotmail.com,28852,XRIU6X67YDO8,2
2020-04-13,pu@hotmail.com,28852,GUNWBUFZAJQI,4
2020-04-13,pu@hotmail.com,28852,QPYRL43N7HZR,1
2020-04-13,pu@hotmail.com,28852,DIZYAATFUHQC,2
2020-04-13,soct@icloud.com,35026,2H7X8YQZ684R,2
2020-04-13,soct@icloud.com,35026,XPRUW93B4MCK,2
2020-04-13,vaiy@gmail.com,88869,5KWW20K0KI2N,1
2020-04-13,vaiy@gmail.com,88869,2C7S0R02SAY7,1
2020-04-13,vaiy@gmail.com,88869,WWIJ12FGQNT6,2
2020-04-14,stroin@gmail.com,24538,Z8W93NZRUN95,4
2020-04-14,stroin@gmail.com,24538,8E6KX55YXJ7O,1
2020-04-14,stroin@gmail.com,24538,TKR223X86U62,1
2020-04-15,frass@gmail.com,18464,GIKW6R9CENOK,1
2020-04-15,frass@gmail.com,18464,DMT1SIF0Y85J,1
2020-04-15,bu@msn.com,12574,DG44MFGUHQN9,1
2020-04-15,frei@msn.com,33873,50WQTSUXQ1SQ,2
2020-04-15,frei@msn.com,33873,WPGMYR0NYTWS,2
2020-04-15,gleu@icloud.com,55200,TDYG1MC1CEDZ,2
2020-04-15,gleu@icloud.com,55200,1P7JN4OKW04B,2
2020-04-15,gleu@icloud.com,55200,AVJX88ZPTPYW,2
2020-04-15,crue@outlook.com,86536,K6LWE5D7CXW5,1
2020-04-15,crue@outlook.com,86536,LP2C2CKM3NGQ,3
2020-04-15,crue@outlook.com,86536,UD8USL53I4D5,1
2020-04-16,wai@yahoo.com,00263,KIXCZWSJTPTB,2
2020-04-16,gloang@live.com,99889,E1DHVB2J8X54,2
2020-04-16,gloang@live.com,99889,0SG3XNE8CATX,1
2020-04-16,zoist@gmail.com,49146,XI2H7MI5ONVG,3
2020-04-17,vaa@outlook.com,71966,JURYS1GRDCPR,3
2020-04-17,clee@icloud.com,92836,V9VEKC1G0BWO,2
2020-04-17,stroe@inbox.com,06882,MLFTYHDOSPVK,1
2020-04-17,smush@msn.com,98802,GDO5MH6N80XR,2
2020-04-17,smush@msn.com,98802,4O6BBR7NWA72,1
2020-04-17,smush@msn.com,98802,WKG2GDGOKSDO,1
2020-04-17,smush@msn.com,98802,RRMCGXDZPNQO,1
2020-04-18,vynt@gmail.com,79177,0EBGP1OZPWG1,4
2020-04-18,shib@aol.com,00285,2R2BR08D1BPR,1
2020-04-18,jea@gmail.com,89967,VJRQ6AB48GRZ,4
2020-04-19,kea@gmail.com,84706,5FAYS27XW8WS,1
2020-04-19,drie@live.com,21471,L60GEQE5HVKK,1
2020-04-20,ste@yahoo.com,66614,ZMSQM4ZQIXSS,1
2020-04-20,ste@yahoo.com,66614,8T6WHKCLTDRG,1
2020-04-20,smech@msn.com,01942,FJT4XPUK04I7,1
2020-04-20,smech@msn.com,01942,OALPPIJ2I80F,1
2020-04-20,yynt@aol.com,62395,2FNAK3KKV6MF,1
2020-04-20,vooy@mail.com,48898,T82F12XO69OF,2
2020-04-20,vooy@mail.com,48898,Z69K5UNKB5T1,2
2020-04-20,vooy@mail.com,48898,8QFPL5V472G6,2
2020-04-20,woent@live.com,37839,2U1789LRVQ4G,3
2020-04-21,reist@gmail.com,26845,ENPQ2GU0FFZF,1
2020-04-21,reist@gmail.com,26845,SHHOVXVRP556,2
2020-04-21,reist@gmail.com,26845,K8Y7XIREE846,1
2020-04-21,reist@gmail.com,26845,YVCW9ABKQSHV,1
2020-04-21,tri@outlook.com,92858,U1WY6SFM9AK3,1
2020-04-22,rop@live.com,80104,V2EIJ2YWU8VD,1
2020-04-22,rop@live.com,80104,2ZLYB78Q3VWH,1
2020-04-22,rop@live.com,80104,6B73EEAN1C7D,1
2020-04-22,ru@aol.com,98802,CJJL9JE3M5IJ,2
2020-04-22,ru@aol.com,98802,TNMV6C6P7HGG,1
2020-04-22,ru@aol.com,98802,PXQAT1MZRHAK,2
2020-04-22,yaesk@msn.com,56819,912RO2RTHGRC,3
2020-04-22,too@msn.com,40489,L30O5EVKN89Q,4
2020-04-22,stast@aol.com,86660,YX0AIJUSZKBV,2
2020-04-23,slaaz@hotmail.com,62395,I4RDFTRS29QG,1
2020-04-23,buap@msn.com,56241,S3705CFNX9DU,2
2020-04-23,wesh@yahoo.com,27225,HMI76SFFE56Y,4
2020-04-23,wesh@yahoo.com,27225,20XPTMGXQXFA,2
2020-04-23,wesh@yahoo.com,27225,ZUVGWRK6CQZH,3
2020-04-23,wesh@yahoo.com,27225,1US6GXN3IVZR,4
2020-04-24,flav@gmail.com,71336,DRZ6TFGPBMSJ,1
2020-04-24,clow@live.com,24337,0PMU7C2VBFVR,1
2020-04-24,stysp@msn.com,80177,DIP4QB88ESV4,1
2020-04-24,blea@mail.com,70205,NLJSHKMFPXA7,2
2020-04-24,blea@mail.com,70205,FH7F409LLX34,5
2020-04-24,blea@mail.com,70205,X21A2UFHNAMJ,2
2020-04-24,blea@mail.com,70205,WG2DIQXWJWSU,1
2020-04-24,stup@outlook.com,72755,G8EVEQEVWLYN,1
2020-04-24,snie@live.com,44407,GE4TUC6Y2FDQ,2
2020-04-24,chest@msn.com,80104,1STE6JE1CQEZ,1
2020-04-24,chest@msn.com,80104,9GROQKPR63Q4,2
2020-04-24,chest@msn.com,80104,VNXQBBD35GC1,1
2020-04-24,chest@msn.com,80104,YUWZ0IWSAO8T,1
2020-04-25,flyk@inbox.com,35685,FBLZMW9P4UBI,2
2020-04-25,ga@yahoo.com,58196,RR1O0AVRIQ56,1
2020-04-25,slaa@yahoo.com,98789,RTSI7HQ9E2K6,1
2020-04-25,praol@mail.com,64571,512HQLPX1Q5M,2
2020-04-26,duask@gmail.com,42157,Z8M9KAHUWGAL,1
2020-04-26,duask@gmail.com,42157,HOSXFIPFBI2U,1
2020-04-26,gy@gmail.com,15054,L00SQGH17O0E,1
2020-04-26,snest@inbox.com,24654,07Q8KT4CV8EL,1
2020-04-27,claict@gmail.com,04141,8WPYW7V5ETM9,1
2020-04-27,gli@gmail.com,72117,7W8N1XFO0GRZ,2
2020-04-27,kuz@hotmail.com,22473,Q07DANO9EW44,1
2020-04-27,kuz@hotmail.com,22473,BHJX67YI24XS,1
2020-04-27,kuz@hotmail.com,22473,RO3EN1FL8EYL,3
2020-04-27,kuz@hotmail.com,22473,L3VBB5P82YB0,1
2020-04-27,waupt@aol.com,18828,3Y658EPT4RXT,1
2020-04-27,dup@yahoo.com,15272,DED9HG2RI717,1
2020-04-27,siav@mail.com,59653,JW9BO5YD6T9U,1
2020-04-27,siav@mail.com,59653,2USXC2EE2UM1,2
2020-04-27,broi@live.com,40131,LD46GWTCXOJL,1
2020-04-27,broi@live.com,40131,ED9ABZO55ZP4,1
2020-04-28,joe@aol.com,72755,5IPT210C7QM9,1
2020-04-28,joe@aol.com,72755,XMHZ0IO9BEL7,1
2020-04-28,joe@aol.com,72755,X9Q981JWEKG2,1
2020-04-28,joe@aol.com,72755,WJJDN6Y2IW1L,2
2020-04-28,skiad@inbox.com,42722,S515CPHRHKAF,1
2020-04-28,skiad@inbox.com,42722,NIWUU3B028O8,1
2020-04-28,reg@gmail.com,13018,GSFIJ7V0UUPK,1
2020-04-28,reg@gmail.com,13018,IWTHIEGSK458,2
2020-04-28,tand@gmail.com,61504,KOVMRVGHMB35,3
2020-04-29,yook@live.com,78471,0FUJPJ8R8D9Q,2
2020-04-29,cre@icloud.com,43839,OB2SEQZFLZSR,1
2020-04-29,fluek@yahoo.com,44832,NTNLT7P3J81J,1
2020-04-29,fruov@hotmail.com,72293,6R80NKMGD4QU,1
2020-04-30,piush@aol.com,36532,5W8GYWK4ZA6K,1
2020-04-30,smup@gmail.com,21892,RRGNRLPJEKTM,3
2020-04-30,bleu@outlook.com,15741,JEPR3TN9RCXK,1
2020-04-30,pind@hotmail.com,19183,LN11SNA9Q3AL,1
2020-04-30,smeosh@gmail.com,64341,7LGQGXR6BO9W,1
2020-05-01,shuch@gmail.com,12239,0EJ2UKXRMFDP,2
2020-05-01,shuch@gmail.com,12239,RVQO9BXCSNOO,1
2020-05-02,prysk@hotmail.com,20837,G1QCC3QTLMMS,4
2020-05-02,prysk@hotmail.com,20837,A5CRGOZTETC8,1
2020-05-02,zaind@hotmail.com,12997,4FRBIQPONII0,2
2020-05-02,zaind@hotmail.com,12997,MEKOMF57MH5O,1
2020-05-02,zaind@hotmail.com,12997,D67ELB51J3O1,3
2020-05-02,tiant@yahoo.com,20745,IUIOAF0B524J,2
2020-05-02,snuo@hotmail.com,05408,XC3QVDGMYAAK,1
2020-05-02,chaant@msn.com,37735,ENQE9Q24JCZK,1
2020-05-02,chaant@msn.com,37735,I7SO3D50V2JP,1
2020-05-02,chaant@msn.com,37735,J54MTBQ0ZT87,3
2020-05-02,gryb@gmail.com,91835,TP8VZLV47UNO,2
2020-05-02,gryb@gmail.com,91835,TGU5XIQIAOGY,1
2020-05-03,giaft@yahoo.com,54913,13CU35KGXQRH,1
2020-05-03,steum@hotmail.com,00584,5KC6H9YE2EUT,2
2020-05-03,tea@aol.com,08434,Z2IY59YPQLKV,1
2020-05-03,pruap@gmail.com,70976,YU50BFT4DRF0,1
2020-05-03,pruap@gmail.com,70976,RNAK3M2NS752,1
2020-05-03,pruap@gmail.com,70976,GGIGDD2E4AG5,1
2020-05-03,pruap@gmail.com,70976,K8THF9PX328F,3
2020-05-04,trunt@inbox.com,89147,19C51Z1NBVJG,2
2020-05-04,vaun@gmail.com,47468,KT5R1SIGD5SX,1
2020-05-04,vaun@gmail.com,47468,EKF1A9IEMI3V,1
2020-05-04,vaun@gmail.com,47468,KC8KU1JWZJLH,2
2020-05-04,vaun@gmail.com,47468,H1CQC7FHN8ZW,1
2020-05-04,do@gmail.com,81380,J0DVTLNCKF9U,1
2020-05-04,sniuh@msn.com,78186,30PAYV37EUD9,3
2020-05-04,flio@aol.com,23195,XQJCU86XGLRU,2
2020-05-04,skook@gmail.com,08794,NL5J6418H798,1
2020-05-04,skook@gmail.com,08794,VA2JRU8F6V24,1
2020-05-05,smy@hotmail.com,89261,ZI611H3Z6JS9,2
2020-05-05,shesk@gmail.com,63667,EKPFV9106TRY,3
2020-05-05,shesk@gmail.com,63667,32MRLA6N7HQ8,1
2020-05-05,fluiss@mail.com,88869,31QN5WJNVWPC,5
2020-05-05,fre@aol.com,47140,BUX3EOMOOT6T,1
2020-05-05,rank@icloud.com,37735,RRY5SNQOIBM1,1
2020-05-05,juew@aol.com,77952,6FGJSLVNSQI6,1
2020-05-05,stryst@hotmail.com,01197,9LP7VNRTV9NW,1
2020-05-05,kiu@gmail.com,13595,GAPCPAPPL3MU,1
2020-05-05,yip@yahoo.com,39104,7KR03UVSTBO1,3
2020-05-06,daod@yahoo.com,66628,60SXV7JK2BEI,1
2020-05-06,daod@yahoo.com,66628,9BRXIUIR21A2,1
2020-05-06,daod@yahoo.com,66628,YXPYFZ731N5X,1
2020-05-06,moa@yahoo.com,74438,ZY2B3HO34RHI,4
2020-05-06,moa@yahoo.com,74438,8FA52W8JZYM6,2
2020-05-06,moa@yahoo.com,74438,S7L8LHL7LVBP,3
2020-05-06,moa@yahoo.com,74438,G4GV40EVXT2R,2
2020-05-06,faeb@msn.com,89325,CQ9OOKRH4JSP,2
2020-05-06,stept@gmail.com,88046,7HN4DQ5ZRQQM,1
2020-05-06,tie@yahoo.com,70976,TP2MGGDZI7AN,1
2020-05-06,tie@yahoo.com,70976,4KPPWVDXZUQ2,3
2020-05-07,sew@gmail.com,88126,F3BXA4PSIAU3,1
2020-05-07,sew@gmail.com,88126,CFVXM5AGU5OY,1
2020-05-07,sew@gmail.com,88126,MHU5WOAZC9VK,2
2020-05-07,sew@gmail.com,88126,QB35NKF83M80,2
2020-05-07,sew@gmail.com,88126,LGDZP8XSREVN,3
2020-05-07,grou@outlook.com,45676,7LR5NAXOQ1JB,2
2020-05-07,cli@hotmail.com,06608,RUNC4XE0YJCS,2
2020-05-07,fu@outlook.com,54012,AG3J4M52BKP4,1
2020-05-08,tuo@hotmail.com,57236,YMX9H6Z007MD,1
2020-05-08,tuo@hotmail.com,57236,1PK6L461ZCQT,6
2020-05-08,tuo@hotmail.com,57236,GRTLMYX4I8IG,1
2020-05-08,slib@live.com,73951,DWR8B9RBB9WJ,1
2020-05-08,nass@hotmail.com,81625,NF6XTL9YFZQ9,1
2020-05-08,wund@hotmail.com,93603,1XJTA60FV8KG,3
2020-05-08,wund@hotmail.com,93603,NAUDYJ7O6DQX,1
2020-05-09,tuo@icloud.com,15433,17DH7EK6S232,3
2020-05-09,tuo@icloud.com,15433,5O44BXP14F1S,1
2020-05-09,tuo@icloud.com,15433,M9R6K66ZOEXF,1
2020-05-09,mea@hotmail.com,97577,4T8030IVWL79,1
2020-05-09,fro@live.com,72946,1ESMTLKEGFON,1
2020-05-09,stuy@inbox.com,02920,3ROIYJZGM6AE,2
2020-05-09,snoch@msn.com,37003,H8VHR28GAPAE,1
2020-05-09,frau@gmail.com,94171,EB4UT0EZ70V1,2
2020-05-10,wip@outlook.com,71980,ZOIFUZMXQZ5V,2
2020-05-10,wip@outlook.com,71980,MG6ZWYBSN0YE,3
2020-05-10,wip@outlook.com,71980,FOV3OU9Y993M,5
2020-05-10,daod@yahoo.com,66628,ZHNDCX8UJP4M,2
2020-05-10,moey@yahoo.com,67783,D73HI0SB12M9,5
2020-05-10,skousk@msn.com,30032,8ZWGMLE1MLN9,1
2020-05-10,skousk@msn.com,30032,JWLTPRRQSQIV,1
2020-05-10,shopt@gmail.com,32081,ZJIWM6XA6UK3,1
2020-05-10,cheeng@icloud.com,79836,9ZDARTWUXIVC,1
2020-05-10,cheeng@icloud.com,79836,QPHF47PXZPOS,1
2020-05-10,blyh@aol.com,23927,3RQW529UKOWK,1
2020-05-10,blyh@aol.com,23927,NQ914FUEIJ76,3
2020-05-10,blyh@aol.com,23927,WPY58P41D28O,1
2020-05-10,blyh@aol.com,23927,B54QSSAZK51E,4
2020-05-10,blyh@aol.com,23927,5GLCTFQKR75R,1
2020-05-11,pri@yahoo.com,58720,XWYHMP3ET4FK,1
2020-05-11,spui@gmail.com,32547,9JPPYVZDAY65,2
2020-05-11,triv@aol.com,21471,E0UWKVMVGPYV,1
2020-05-11,triv@aol.com,21471,OLDKKRIV85BM,1
2020-05-11,daosp@hotmail.com,30032,2DLSA4FFYO12,3
2020-05-11,smiub@msn.com,01942,TRUYB8ZYQOXC,3
2020-05-11,ste@mail.com,40852,YYU4G8ZKTMGQ,1
2020-05-11,ste@mail.com,40852,ARN2FU3M2SBH,1
2020-05-11,ste@mail.com,40852,GEY0DTWKJ9YK,1
2020-05-12,jiuw@aol.com,13669,EQ3HOFSC1SE8,2
2020-05-12,jiuw@aol.com,13669,5XKQMDY7L4CC,4
2020-05-12,jiuw@aol.com,13669,2M23L7WPHSQA,1
2020-05-12,fry@yahoo.com,42140,Y9F4VJCO24PF,4
2020-05-12,sea@hotmail.com,91307,CHGIUH7TST80,1
2020-05-12,sea@hotmail.com,91307,1GKVU9ZEPOR7,1
2020-05-13,tipt@yahoo.com,23694,KKU13UEW8BQJ,2
2020-05-13,tipt@yahoo.com,23694,1PPAMC7F8JD3,3
2020-05-13,skauft@msn.com,09807,QJIPSCYL71ZY,2
2020-05-13,stry@live.com,80319,ITMZAS8E2MUX,3
2020-05-13,stry@live.com,80319,XE5MXJGCY57J,2
2020-05-13,clast@mail.com,76751,RVN7SPAK80EB,1
2020-05-13,duss@gmail.com,74438,MEA51E2JO61N,1
2020-05-13,grauw@yahoo.com,68750,MLFTYHDOSPVK,3
2020-05-13,grauw@yahoo.com,68750,IKG1GVGLFZGR,1
2020-05-14,frar@gmail.com,52219,X3HWSFJBRSAN,1
2020-05-14,frar@gmail.com,52219,8Y1JE6BAZ56H,1
2020-05-14,cluong@gmail.com,62221,OIQLHYOOGKAB,1
2020-05-14,cluong@gmail.com,62221,EXI6MWAOPKHE,3
2020-05-14,clau@aol.com,64863,R3KAJSKA5BC9,1
2020-05-14,clau@aol.com,64863,9KIMZJ2KVNJ7,1
2020-05-14,jia@hotmail.com,44488,G2Y2SNHCQW3Q,1
2020-05-14,jia@hotmail.com,44488,4Z6N1TJ0SK2X,2
2020-05-14,preib@aol.com,37735,CNYLL82A8JW5,1
2020-05-14,preib@aol.com,37735,TO2UTKHNP71P,1
2020-05-14,preib@aol.com,37735,ANVACA2FGTDD,1
2020-05-15,sly@aol.com,37735,A69GVYHPKW0T,2
2020-05-15,tia@yahoo.com,61078,D238Z4Y8Y5RN,1
2020-05-15,tia@yahoo.com,61078,D2O7C1BRGVAE,1
2020-05-15,tia@yahoo.com,61078,5MNHABGG85ZD,2
2020-05-15,tia@yahoo.com,61078,4E0WDRDGTTP7,5
2020-05-15,neo@gmail.com,32294,SA7690RKSYWU,2
2020-05-15,spo@yahoo.com,97102,3KOHUY17W2BF,1
2020-05-15,ploo@yahoo.com,65188,E3W8VT7KW5KM,1
2020-05-15,smee@yahoo.com,39788,MFO3M4RJN8Q4,1
2020-05-15,smee@yahoo.com,39788,I9NN3FWFTTA4,1
2020-05-15,vysp@gmail.com,93603,ZVAGAPTVV0GL,3
2020-05-15,keo@live.com,65903,BE0WMA4NOEVZ,4
2020-05-15,keo@live.com,65903,XYAH8PU3TTQA,1
2020-05-16,tel@outlook.com,11346,PRKNWNM9AJMX,1
2020-05-16,shok@icloud.com,64409,P75HEXI78S73,3
2020-05-16,shok@icloud.com,64409,J4RBBLKOQ6DK,3
2020-05-16,brypt@gmail.com,04363,DVBF5C3S4V83,1
2020-05-16,taonk@yahoo.com,56259,5R5N0C9AJH0B,1
2020-05-16,taonk@yahoo.com,56259,IEN3R3PK5G6U,3
2020-05-16,maum@gmail.com,98789,07ET3QGFVZ7O,1
2020-05-16,choift@outlook.com,98283,0DT1CMC3N5BX,2
2020-05-17,claon@msn.com,69752,3LZP6ML9U8TB,3
2020-05-17,claon@msn.com,69752,GK4P3IHOECFC,1
2020-05-17,shir@yahoo.com,81202,77SMDTE0N4L2,1
2020-05-17,shir@yahoo.com,81202,ZLXC6PLRAEW4,1
2020-05-17,greent@live.com,48266,2I1YT3FD2KMU,1
2020-05-17,loi@hotmail.com,89822,DPP1855MV2Q2,3
2020-05-17,nok@yahoo.com,67094,U17V3HU864QA,1
2020-05-17,nok@yahoo.com,67094,4QFJ8XP5XES1,2
2020-05-18,shua@gmail.com,15272,0NN17KAU9092,2
2020-05-18,tea@aol.com,08434,VFGH0L0CELRM,1
2020-05-18,dreek@gmail.com,48898,8VN0NFY5L4W7,2
2020-05-18,ke@aol.com,56819,CBPK0TEI3IO4,1
2020-05-18,steot@gmail.com,94171,LVERAS0J1GEL,1
2020-05-18,flaect@gmail.com,39164,EFLHW5F873K8,2
2020-05-18,flaect@gmail.com,39164,CD22PRHBQRH8,1
2020-05-18,slymp@icloud.com,40852,RJWNIZ24ZC6Z,1
2020-05-18,slymp@icloud.com,40852,8WZBNZPITKGF,2
2020-05-18,mi@yahoo.com,05341,UG98UMWJ3S68,3
2020-05-18,mi@yahoo.com,05341,36UJLWRPMDZE,1
2020-05-18,fra@hotmail.com,81352,9OCP8KEXLRLP,2
2020-05-18,swyr@aol.com,92293,O9FPEN54H7KT,2
2020-05-19,shuav@outlook.com,73285,77L3BB6IXJW8,2
2020-05-19,shuav@outlook.com,73285,23OXX0RWQCX5,1
2020-05-19,shuav@outlook.com,73285,0MQBZHR18M5Z,1
2020-05-19,bal@live.com,89337,UQVJW5PR6X1Z,2
2020-05-19,bal@live.com,89337,LGDZP8XSREVN,1
2020-05-19,bal@live.com,89337,AE8W99J5Z0AF,1
2020-05-19,brer@inbox.com,85438,WETC5HWE79IG,3
2020-05-19,pri@yahoo.com,58720,PF3OITN703CW,1
2020-05-20,wai@yahoo.com,00263,Y4LWJEES8I2G,1
2020-05-20,bru@msn.com,88126,UKUH0Y3NFJU9,3
2020-05-20,bru@msn.com,88126,TRGGGTDO6RD4,1
2020-05-20,jyd@inbox.com,36320,AYOFH7ETTRJ0,1
2020-05-20,jaosh@hotmail.com,25990,8JS1Z83MKW9J,1
2020-05-20,jaosh@hotmail.com,25990,2P6AVIPVUF05,1
2020-05-20,jaosh@hotmail.com,25990,XYPNRQ66Y6A0,1
2020-05-20,fluosp@yahoo.com,81037,6RYKM701EKTM,3
2020-05-20,zee@outlook.com,56865,MZ3TMIFIMWXC,2
2020-05-20,gaim@aol.com,56241,EBR8O3G5060Q,2
2020-05-20,gaim@aol.com,56241,DOVTGHUCOAA7,3
2020-05-21,che@mail.com,55660,54Q85ZTOQEAM,1
2020-05-21,che@mail.com,55660,M69O6ZKHE6Z1,1
2020-05-21,che@mail.com,55660,K3D2LZOQ9YRB,1
2020-05-21,che@mail.com,55660,LKCVXV4T5MTW,1
2020-05-21,blae@gmail.com,12170,N1KBZCCU8NUB,1
2020-05-21,blae@gmail.com,12170,RFMUHFD18F08,2
2020-05-21,blae@gmail.com,12170,HQOPSRD92L6N,4
2020-05-21,blae@gmail.com,12170,FVG216B6NXNW,2
2020-05-21,bruch@gmail.com,71719,45YP1QWDQF2Y,1
2020-05-21,voask@hotmail.com,45160,FZAKY0KX4MXC,2
2020-05-21,voask@hotmail.com,45160,LFEKKUWK5G7M,1
2020-05-21,voask@hotmail.com,45160,7FVBBB5FWUL8,1
2020-05-21,voask@hotmail.com,45160,PFY4CJ0GNIQQ,1
2020-05-22,bru@msn.com,88126,MPS0O4V11C1U,2
2020-05-22,droesk@hotmail.com,08520,6ML39TIBB52P,1
2020-05-22,droesk@hotmail.com,08520,M3RDJFGRKKV4,1
2020-05-22,nie@hotmail.com,24004,5CB9R1DLSZXK,1
2020-05-22,strioch@yahoo.com,83145,B4CY5DMONXED,1
2020-05-22,laa@live.com,29357,C7N3SPJIX7TH,3
2020-05-23,closp@yahoo.com,59660,DQSW688EVJHT,3
2020-05-23,yaan@gmail.com,34897,ON4KE209YS6O,5
2020-05-23,yaan@gmail.com,34897,D5NM0LGZ3PVY,2
2020-05-23,stu@hotmail.com,35008,CWKJ9V99PI47,1
2020-05-23,triak@gmail.com,54104,776YQICWMWH6,3
2020-05-23,triak@gmail.com,54104,PHBROL9838ZZ,1
2020-05-23,triak@gmail.com,54104,PE0NVG240L1R,1
2020-05-23,fliey@gmail.com,15433,LATQ5KZ0MA15,3
2020-05-23,treok@live.com,77999,G9J3EUC3D4DT,1
2020-05-23,blai@outlook.com,92884,VMTK65U3UVBC,2
2020-05-23,blai@outlook.com,92884,0I6KNTY9VTCC,1
2020-05-23,stial@yahoo.com,87204,0EMA4BAJBXUR,3
2020-05-23,prunt@live.com,11976,ECX0Z1F4E93T,1
2020-05-23,striusk@msn.com,24052,DRAV07KLMGD5,2
2020-05-23,striusk@msn.com,24052,4WB04UWKDQMM,1
2020-05-23,striusk@msn.com,24052,TVK1Y1YXCMHB,1
2020-05-23,striusk@msn.com,24052,DV6AJNO2CMH1,1
2020-05-24,swe@msn.com,49745,45WU2WNHBOG3,2
2020-05-24,freo@live.com,82075,0O9I96Y6Q32S,1
2020-05-24,sweo@hotmail.com,10717,T6S6T0A30GTK,1
2020-05-24,trea@hotmail.com,45842,SEE2RTJIWQ3N,1
2020-05-24,trea@hotmail.com,45842,PSD69FM9S6L6,1
2020-05-24,trea@hotmail.com,45842,VO7ZMFJ7UNWV,3
2020-05-24,slial@outlook.com,80177,Y65LXHN6GWNM,1
2020-05-24,slial@outlook.com,80177,LWZ4AW33H7MU,1
2020-05-24,slial@outlook.com,80177,RHXIHKM7NBFW,1
2020-05-24,slial@outlook.com,80177,17F0FY97WV0G,2
2020-05-24,dyss@msn.com,57971,IF5E1B30R7RS,1
2020-05-24,drym@gmail.com,66173,4EY7SDO7MVJ9,1
2020-05-25,sho@yahoo.com,09807,8Y747G400U0P,3
2020-05-25,sho@yahoo.com,09807,3V29DAP9HS6H,2
2020-05-25,fryng@gmail.com,24337,JY24FBB8OXX5,4
2020-05-25,fryng@gmail.com,24337,MOXU2T5ZTKL6,1
2020-05-25,fryng@gmail.com,24337,K0RO507PNRZD,1
2020-05-25,jist@hotmail.com,26580,HMGF8RIXTY6W,2
2020-05-25,jist@hotmail.com,26580,19EELY34X6I7,2
2020-05-25,jist@hotmail.com,26580,HTH4EDVEYBVO,2
2020-05-25,jist@hotmail.com,26580,TMIM2QPQSPO2,3
2020-05-25,jist@hotmail.com,26580,7WLEUJUT672P,1
2020-05-25,plimp@live.com,68215,UZ3KT26WKZN5,1
2020-05-25,sker@hotmail.com,13595,H7D1592TPCML,3
2020-05-25,sker@hotmail.com,13595,K1VQI92GWVDN,2
2020-05-25,sker@hotmail.com,13595,TYFGODOG4M98,1
2020-05-25,fruag@mail.com,80520,CCURP7358GKE,3
2020-05-25,gri@gmail.com,17307,HHDSTVACGUGT,1
2020-05-25,fle@live.com,93582,HCBJI937B5IL,4
2020-05-26,jiu@icloud.com,04445,AO6V8M500X87,1
2020-05-26,jiu@icloud.com,04445,PPU9P2ZLGTQL,1
2020-05-26,jiu@icloud.com,04445,DIP4QB88ESV4,1
2020-05-26,jiu@icloud.com,04445,IYTS0FZOU2C2,2
2020-05-26,stysh@gmail.com,77999,IGGMK2FE2QE3,1
2020-05-26,stysh@gmail.com,77999,2Q70YMH6FS7V,4
2020-05-26,braok@inbox.com,48898,LETRLS1J21UL,1
2020-05-26,swioz@yahoo.com,00263,9Y3X147K0TT5,2
2020-05-26,shaew@mail.com,62593,KVWWGRFZ66F9,2
2020-05-26,shaew@mail.com,62593,59SVF3A8I7TK,1
2020-05-26,shaew@mail.com,62593,996KF32GDQOG,1
2020-05-27,dyn@aol.com,89914,QD0UGNX4LAES,2
2020-05-27,blent@msn.com,03819,ZYM7TE58FULC,1
2020-05-27,blent@msn.com,03819,B15ELO1E5B31,1
2020-05-27,blent@msn.com,03819,4DR2A5CFYFNE,3
2020-05-27,blent@msn.com,03819,1DMC3L6V0HXD,4
2020-05-27,duk@yahoo.com,47140,52RUJR9UNY9M,3
2020-05-27,duk@yahoo.com,47140,RPAUA3HSXV1Q,1
2020-05-27,duk@yahoo.com,47140,LRN5RSMH2WYR,1
2020-05-27,bly@inbox.com,30569,JAHIPBHLDC8C,4
2020-05-27,bly@inbox.com,30569,YQ5U7QJ7K3X6,1
2020-05-27,bly@inbox.com,30569,EJM5ELXROGHZ,2
2020-05-27,say@gmail.com,38102,K8RWOV4A5102,3
2020-05-27,bre@aol.com,51323,VTITF88478DE,1
2020-05-27,bre@aol.com,51323,7CWRMUXARSY5,1
2020-05-28,gleek@inbox.com,40456,G7Y6ILAG2YCC,1
2020-05-29,kyng@yahoo.com,47590,OHSXXY0O4TXL,1
2020-05-29,kyng@yahoo.com,47590,3WL72K9MH02S,1
2020-05-29,yind@gmail.com,67428,ROETRY1LG8E3,1
2020-05-29,foipt@icloud.com,66614,BTBK5PQ9K6C3,1
2020-05-29,plau@gmail.com,64409,HNA6888JEDX3,1
2020-05-30,treisk@yahoo.com,66614,CG00GLZF2DER,1
2020-05-30,treisk@yahoo.com,66614,TLRKOMQ32TII,1
2020-05-30,treisk@yahoo.com,66614,A8UVKHM43Z0N,1
2020-05-30,treisk@yahoo.com,66614,OWZMD29848WP,1
2020-05-30,deost@hotmail.com,84706,ASQ2P8PHZ0QG,1
2020-05-30,deost@hotmail.com,84706,V4TSUPGQER0D,1
2020-05-30,deost@hotmail.com,84706,FJ9U9BGB5T53,2
2020-05-30,yu@outlook.com,72094,D4QT9PZELVXR,3
2020-05-31,gleont@inbox.com,37470,9PHMTCLER36M,2
2020-05-31,gleont@inbox.com,37470,25EGWMZD97M8,1
2020-05-31,sto@inbox.com,48828,YIYB95VGO6VZ,2
2020-05-31,sto@inbox.com,48828,Q7416C5357NV,1
2020-06-01,juo@aol.com,66614,EQA251OAPGRT,1
2020-06-01,yeaf@live.com,00263,CNA0WG2EGR9S,1
2020-06-01,yeaf@live.com,00263,4ADT1O7VP403,6
2020-06-01,yeaf@live.com,00263,AUIHTK7ARD6R,1
2020-06-01,swuest@msn.com,32787,22BI7JXHMAJM,2
2020-06-01,snaist@mail.com,32081,AZ43JEQP5DNY,2
2020-06-01,hief@hotmail.com,97072,GHIX5WS6K2AR,3
2020-06-01,spa@gmail.com,92836,Y4J5NQYJ2H4H,1
2020-06-02,fo@hotmail.com,48460,GYCQRNDJUWYM,1
2020-06-02,fo@hotmail.com,48460,OYR9ALYHRTFW,2
2020-06-02,floa@aol.com,32294,LF0K552XI70D,1
2020-06-02,floa@aol.com,32294,H0MIWSKNW4R8,3
2020-06-02,biw@yahoo.com,66295,PT4D5MT7WPA8,1
2020-06-02,biw@yahoo.com,66295,HU2NOUYHIIHU,1
2020-06-02,biw@yahoo.com,66295,LNWBMDPTRJC4,1
2020-06-02,biw@yahoo.com,66295,KWTS2RS28PLM,1
2020-06-02,tro@yahoo.com,13669,FKOHNOR0BMR0,1
2020-06-02,stroink@outlook.com,56049,L3PLRGCYKTEI,1
2020-06-03,frask@gmail.com,89822,AHDLHMENS42S,1
2020-06-03,siub@hotmail.com,22473,NZS4NL70JE63,1
2020-06-03,jy@outlook.com,58720,FGCT8Q2NL8K8,2
2020-06-04,pleipt@aol.com,59994,NVLXIZ6FBNB5,2
2020-06-04,bleant@yahoo.com,62221,PNJOOBZCAKT9,2
2020-06-04,bleant@yahoo.com,62221,691GENX8GB8P,6
2020-06-04,bleant@yahoo.com,62221,ATWWVRBE86M1,3
2020-06-04,gy@live.com,78471,OBGLQIR26OTS,1
2020-06-04,guh@outlook.com,40744,NK20MZ6WYQSG,2
2020-06-04,smau@gmail.com,14531,8LDVYDKTEOIZ,1
2020-06-04,smau@gmail.com,14531,U5AWNG4STL14,2
2020-06-04,smau@gmail.com,14531,X8NYEOTW7JQ2,4
2020-06-05,sniay@icloud.com,13357,5QXMO521MTJ2,2
2020-06-06,wo@yahoo.com,64863,20DVUT4MKBY6,2
2020-06-06,sliunk@mail.com,47775,DXFEWA05IJ6I,1
2020-06-06,sliunk@mail.com,47775,FCU9JVSM7FI9,1
2020-06-06,cly@yahoo.com,53307,211W5VCAHMUQ,1
2020-06-06,glo@aol.com,66026,21OVHYW12M8M,3
2020-06-07,smach@gmail.com,55200,18JAG9U09MKJ,1
2020-06-07,smach@gmail.com,55200,SN7CJW22MDYX,1
2020-06-07,wi@hotmail.com,94478,R8SVX0Y73N39,1
2020-06-07,wi@hotmail.com,94478,VYJCBCHRA5IR,1
2020-06-07,tiesp@outlook.com,79836,PC4IYLHE4Q1U,3
2020-06-07,zuk@aol.com,15433,V2EIJ2YWU8VD,1
2020-06-07,zuk@aol.com,15433,G2D105UT6HC0,1
2020-06-07,gaal@yahoo.com,37280,AP1FDWML4QJS,1
2020-06-07,chu@gmail.com,40489,SGHN6AFLGSC6,4
2020-06-07,chu@gmail.com,40489,EPQV3DTMULW2,1
2020-06-07,fliuch@gmail.com,19183,5LWZ4ISM22TS,4
2020-06-07,fliuch@gmail.com,19183,ONNPT7KEO42W,2
2020-06-07,ta@outlook.com,00263,JPHQ8F04ZLVM,1
2020-06-07,ta@outlook.com,00263,WNL64RY7L7CU,1
2020-06-08,flead@yahoo.com,80079,OCMRQIXCLOSP,2
2020-06-08,weig@hotmail.com,83668,OE8HYILDVW95,1
2020-06-08,pee@mail.com,02958,X20GPXDWZ53I,3
2020-06-08,trun@msn.com,23927,0G7PB6QKLTOI,1
2020-06-08,trun@msn.com,23927,SOEL3AYVCKNX,1
2020-06-09,haict@gmail.com,57508,VJQ9SIOJLBD4,2
2020-06-09,haict@gmail.com,57508,RMFOACGRGO4F,5
2020-06-09,haict@gmail.com,57508,PIO8YDVYBQT6,1
2020-06-09,zeesp@yahoo.com,15272,Q8RBBBB5B34P,1
2020-06-09,zeesp@yahoo.com,15272,21IONWFB2SF3,3
2020-06-09,shyss@gmail.com,74438,DL8FRGTFSHZ3,1
2020-06-09,mi@gmail.com,27707,5TL4AR7PRTCD,1
2020-06-09,mi@aol.com,94947,JHOHQC86MKBZ,1
2020-06-09,brur@hotmail.com,92884,JTKV5WANRDD8,1
2020-06-09,brur@hotmail.com,92884,RM4UUQVWJJPH,3
2020-06-10,shooct@live.com,24538,R4BGTUSE9HWY,1
2020-06-10,shooct@live.com,24538,PCWW6GXE9R3Y,2
2020-06-10,shooct@live.com,24538,NC1MWOVATFK9,1
2020-06-10,styh@icloud.com,32642,5KFEU639LNQ4,1
2020-06-10,pree@live.com,50565,VPE2292797R7,1
2020-06-11,yio@inbox.com,70590,RIR8HTX5QHWS,1
2020-06-11,ke@aol.com,56819,JPEY4U5TEMH6,3
2020-06-11,veo@hotmail.com,64240,29W39B17LOTN,1
2020-06-12,bluel@msn.com,23927,V9KWKE7R5L7N,3
2020-06-12,bluel@msn.com,23927,810JRQJUPH4W,1
2020-06-12,bluel@msn.com,23927,JWDM6WLRX127,1
2020-06-12,bluel@msn.com,23927,SV2F9LVL0HOY,6
2020-06-12,slynk@aol.com,54012,14SNN1HLKIMZ,3
2020-06-12,cleu@gmail.com,44771,SLZ55KN4WTFY,1
2020-06-12,bift@inbox.com,72094,TRORJMYYJ1B4,1
2020-06-12,gry@aol.com,81094,1RNYO0YXJWQI,2
2020-06-12,shua@hotmail.com,62680,JUXI7OCCERTI,2
2020-06-12,shua@hotmail.com,62680,9LUFN2CH7XB0,2
2020-06-12,grien@hotmail.com,00285,44FBLJAKOY54,1
2020-06-13,fy@hotmail.com,51254,LBCZYDE0AM5O,2
2020-06-13,fy@hotmail.com,51254,3XGFHVPDPU4Y,1
2020-06-13,struz@outlook.com,21471,TJ6JM1QBXPJV,2
2020-06-13,struz@outlook.com,21471,K7NC56GJNA2P,1
2020-06-13,struz@outlook.com,21471,V7NTUZE43VZU,1
2020-06-13,struz@outlook.com,21471,K3UKHUU6SS2T,2
2020-06-13,glou@yahoo.com,10717,3ZQS8OFSB5DW,3
2020-06-13,snoup@gmail.com,44771,J2Q3IZP9THOM,2
2020-06-13,snoup@gmail.com,44771,5VO2V3R8Y3PI,1
2020-06-13,jesk@yahoo.com,06882,LZSDZTWLJ8V2,1
2020-06-13,glua@hotmail.com,89967,JORR0TFS0EMS,1
2020-06-14,zi@icloud.com,36704,1LPXTHKMVZ6Y,1
2020-06-14,grist@gmail.com,20837,MUWIEEP3EJUK,2
2020-06-14,tea@hotmail.com,99628,2K0PVN9HOTJG,1
2020-06-15,slung@gmail.com,89325,IG039BVKC4QT,3
2020-06-15,swipt@aol.com,94760,59UBYJL11LJ9,1
2020-06-15,jy@hotmail.com,69752,AVU7ETV06O6R,2
2020-06-15,jy@hotmail.com,69752,9WGP62RCDL11,1
2020-06-15,wouh@gmail.com,24052,GQD2VSGTH8YH,2
2020-06-16,spop@gmail.com,72396,RECHNWEK6EVJ,2
2020-06-16,spop@gmail.com,72396,6KMDYQA7Z1FS,1
2020-06-16,spop@gmail.com,72396,XQAO9Z5R19I8,1
2020-06-16,shai@outlook.com,39104,YMEGBKDGJ7Q9,2
2020-06-16,shai@outlook.com,39104,ZMLJKY5K7DII,1
2020-06-16,shai@outlook.com,39104,PO5FAOGFA47U,2
2020-06-17,grook@gmail.com,77999,LGDZP8XSREVN,1
2020-06-17,grook@gmail.com,77999,P1J7GS5UHKCI,1
2020-06-17,slunk@gmail.com,84729,TKNDEJZC6UG4,2
2020-06-17,glyh@outlook.com,53561,E05YOLKNCU1Y,3
2020-06-17,glyh@outlook.com,53561,02KLYZ97FQL9,5
2020-06-17,ska@hotmail.com,92338,YB3VJ1A3A14C,1
2020-06-17,ska@hotmail.com,92338,8E6DDDKF0CIX,2
2020-06-17,haosh@gmail.com,66026,8NOUH5A9O9Q3,2
2020-06-17,haosh@gmail.com,66026,OQV291E6OL78,1
2020-06-17,haosh@gmail.com,66026,V7HFH51DVGN7,1
2020-06-18,beez@msn.com,50565,ON4G1UOX01OO,2
2020-06-18,beez@msn.com,50565,RQL05AORL6OQ,1
2020-06-18,beez@msn.com,50565,3F1XOLEA6P2G,2
2020-06-18,beez@msn.com,50565,SYGQQO4J8HEB,1
2020-06-18,beez@msn.com,50565,XNT0J57DQUFE,1
2020-06-18,beez@msn.com,50565,SGJAHOQ7LIR3,5
2020-06-18,flo@hotmail.com,58196,1ZZLC7HOJ4KS,3
2020-06-18,flo@hotmail.com,58196,5SHP3O9TPNLG,5
2020-06-18,steik@gmail.com,14684,BXB96R1P6WYE,3
2020-06-18,steik@gmail.com,14684,KPKBU0PB9X0Y,1
2020-06-18,friz@gmail.com,88630,4Y7UEXXP5U34,4
2020-06-19,shou@gmail.com,40131,IW4Q8SVA1P4J,1
2020-06-19,skue@gmail.com,80079,2AJSC19QJGIJ,2
2020-06-19,skue@gmail.com,80079,L8RQ8XX8OT0B,1
2020-06-19,loo@yahoo.com,27503,W941LAJ253MW,1
2020-06-19,loo@yahoo.com,27503,9GV8MXYA33B9,2
2020-06-19,loo@yahoo.com,27503,5MW7R06A4H3K,3
2020-06-19,loo@yahoo.com,27503,B252XVZ2640B,2
2020-06-19,woct@aol.com,56865,2CBLCP9192RI,3
2020-06-19,chiaw@yahoo.com,14188,1EXFEPCPT0FS,1
2020-06-19,chiaw@yahoo.com,14188,II4GC1HIKQJ0,1
2020-06-19,stra@msn.com,94358,KTJF5PR3HC5C,2
2020-06-19,clae@gmail.com,58165,9TNXATPHYJH5,1
2020-06-20,bra@live.com,86413,N7ONLLLU8RJV,4
2020-06-20,fau@live.com,78512,UF4AQMDB742B,2
2020-06-20,fau@live.com,78512,0N61W726H7DF,4
2020-06-20,waot@live.com,82570,O1YEJA4D94U9,1
2020-06-20,waot@live.com,82570,75GXF7677F5X,1
2020-06-21,graa@icloud.com,63145,MY4P351QE859,2
2020-06-21,smask@gmail.com,61230,W9N8R7L470PM,1
2020-06-21,sloish@msn.com,56865,HOBC07Y1VB5D,1
2020-06-21,sloish@msn.com,56865,HC3D8PD9WXTP,3
2020-06-21,wiy@live.com,56172,4S9HW7R7XG55,4
2020-06-21,wiy@live.com,56172,S91B62QVU9UL,5
2020-06-21,wiy@live.com,56172,LEPY8GZVOACI,1
2020-06-22,stie@live.com,05552,A6LQS94XGY4F,2
2020-06-22,skai@live.com,80177,LPYTTI579G8Q,1
2020-06-22,shue@aol.com,53954,PN63WFZB2THX,2
2020-06-22,shue@aol.com,53954,51F4PEZP401C,5
2020-06-22,shue@aol.com,53954,123NU66BWU6L,4
2020-06-22,jae@msn.com,15993,HRNQC1T7Y3DI,2
2020-06-22,sheust@gmail.com,64531,6OS7XKN3I31S,4
2020-06-22,sheust@gmail.com,64531,XOMZQOSS50WG,1
2020-06-23,breaft@gmail.com,26583,LCXYGJS5BKQ2,1
2020-06-23,breaft@gmail.com,26583,LMADQMWG8LX2,3
2020-06-23,breaft@gmail.com,26583,LKUEUUDQ9UB8,1
2020-06-23,yaid@yahoo.com,40852,U6QL3LEWCA7J,2
2020-06-23,hiov@aol.com,81352,CB5YM31PAVAZ,2
2020-06-23,fupt@hotmail.com,48828,061G23SV9C3U,2
2020-06-23,piush@aol.com,36532,9CN5HCM6GXON,1
2020-06-23,piush@aol.com,36532,0X67T5UUA48B,1
2020-06-23,byft@outlook.com,91032,DSQ2ZGSID8GD,2
2020-06-23,byft@outlook.com,91032,5N59PTF2FNVN,1
2020-06-24,shueh@hotmail.com,37505,M1Y0I5YBNJDO,3
2020-06-24,frar@aol.com,71966,BD9U6AB6UB38,1
2020-06-24,mek@inbox.com,35152,H942S57GWPIZ,3
2020-06-24,mek@inbox.com,35152,I2HQ5PXED7YK,1
2020-06-24,mek@inbox.com,35152,ZYM7TE58FULC,1
2020-06-24,flaen@aol.com,85314,9OBL4YDGOVVL,1
2020-06-24,flaen@aol.com,85314,3710TCMLWIYT,3
2020-06-24,flaen@aol.com,85314,VEY5JGZPWQHH,1
2020-06-24,sheust@gmail.com,64531,94BOUYZWXJZC,4
2020-06-24,sheust@gmail.com,64531,FQVN72UGFBGM,1
2020-06-24,sheust@gmail.com,64531,CN0AI0SKU4R0,3
2020-06-24,sheust@gmail.com,64531,YXEUI9M7OFH8,2
2020-06-25,clo@gmail.com,64921,7PFXAO112FWV,2
2020-06-25,gleand@gmail.com,89325,YW14C6LSD0MP,1
2020-06-25,gleand@gmail.com,89325,HI8D2YD9R1Z7,1
2020-06-25,fra@hotmail.com,81352,9KTQ07Y2SNH2,3
2020-06-25,shue@outlook.com,89261,NSAJ96D8TKMH,1
2020-06-25,sloosp@inbox.com,90244,T3YTTOLNL7P5,1
2020-06-25,sloosp@inbox.com,90244,NJH9U0PW3N05,4
2020-06-26,tryr@aol.com,67428,IYGB8BW3GPLD,1
2020-06-26,tryr@aol.com,67428,IMFYMLFETPPU,2
2020-06-26,tryr@aol.com,67428,JJKWLTCAJRQH,1
2020-06-26,swosh@hotmail.com,60547,HYSQ29H0R5B1,1
2020-06-26,steo@hotmail.com,13018,2677A59BKSGY,4
2020-06-26,speo@outlook.com,08535,REDO3CCLBVL7,1
2020-06-26,skiz@gmail.com,49193,F61HJNZ0AX92,3
2020-06-26,skiz@gmail.com,49193,DGUATKU05R15,2
2020-06-26,spaz@yahoo.com,93603,9IX1TSSW7F96,4
2020-06-26,spaz@yahoo.com,93603,2HLAM09OYXCM,3
2020-06-26,spaz@yahoo.com,93603,0KHJQ8JTHN4Q,4
2020-06-26,spaz@yahoo.com,93603,J6HJ234BNM1G,3
2020-06-27,snow@gmail.com,18828,KUHSIKY9JV5W,1
2020-06-27,pro@msn.com,52051,SDWRLWKNJZHH,1
2020-06-27,hy@icloud.com,65533,RECH13XKLWR8,1
2020-06-27,hy@icloud.com,65533,E436E8NF9R6R,1
2020-06-27,spif@hotmail.com,64219,5OK7FJGI9KN0,1
2020-06-27,spif@hotmail.com,64219,NLATPW903PTA,5
2020-06-27,zui@live.com,15129,6YGW0IRAII20,3
2020-06-27,zui@live.com,15129,7F5RK0R5C6YB,3
2020-06-27,zui@live.com,15129,9W8539LJ1G01,3
2020-06-27,zui@live.com,15129,F5ZAVCT0MOJJ,1
2020-06-27,sweo@icloud.com,89822,3WFWSYM5FL7H,3
2020-06-27,sweo@icloud.com,89822,OK7JD57X32EL,2
2020-06-27,sweo@icloud.com,89822,U658F39QMOMT,1
2020-06-27,sweo@icloud.com,89822,GISRQENW7UFU,1
2020-06-27,sweo@icloud.com,89822,T7CWD6GAAUNM,1
2020-06-27,stru@hotmail.com,57034,KIJF2HJA1HQG,1
2020-06-27,stru@hotmail.com,57034,9JTKB8JJA953,4
2020-06-27,mit@live.com,52742,WDA190QN1TMM,1
2020-06-28,veu@aol.com,01856,BL738QATM5DK,1
2020-06-28,veu@aol.com,01856,90XPK5SA1EFI,2
2020-06-28,veu@aol.com,01856,JNDZP4SGVLYZ,1
2020-06-28,veu@aol.com,01856,CB06MYZ52OVW,3
2020-06-28,nuo@yahoo.com,12170,GGCABJAM6OV9,4
2020-06-28,dud@yahoo.com,86536,72ID6YTBGOW4,1
2020-06-28,dud@yahoo.com,86536,YMTMLSS536HA,2
2020-06-28,dud@yahoo.com,86536,WJZ2EKJ5CIUG,2
2020-06-28,shiy@icloud.com,79116,96TJ0IB8VD8D,2
2020-06-28,creg@gmail.com,00263,3N4LVCG5AS0Z,1
2020-06-28,ne@yahoo.com,34897,H8W34KSFSKA5,3
2020-06-28,ne@yahoo.com,34897,EY4PLDU6A1SN,2
2020-06-28,ne@yahoo.com,34897,MVIHN387L97Y,1
2020-06-28,ne@yahoo.com,34897,GWQX6IDKURFX,2
2020-06-28,ne@yahoo.com,34897,O7MQEYLL29OS,4
2020-06-28,ne@yahoo.com,34897,P67T74Y9IB2O,5
2020-06-28,ne@yahoo.com,34897,8NXB89EBLDM8,1
2020-06-28,syft@live.com,32547,RPAH34JJXBI9,1
